/*
 Navicat Premium Data Transfer

 Source Server         : localhost
 Source Server Type    : MySQL
 Source Server Version : 50725
 Source Host           : localhost:3306
 Source Schema         : sais

 Target Server Type    : MySQL
 Target Server Version : 50725
 File Encoding         : 65001

 Date: 08/04/2019 22:09:44
*/

SET NAMES utf8mb4;
SET FOREIGN_KEY_CHECKS = 0;

-- ----------------------------
-- Table structure for sais_admin
-- ----------------------------
DROP TABLE IF EXISTS `sais_admin`;
CREATE TABLE `sais_admin`  (
  `id` int(8) UNSIGNED NOT NULL AUTO_INCREMENT COMMENT '主键',
  `account` varchar(50) CHARACTER SET utf8mb4 COLLATE utf8mb4_general_ci NOT NULL COMMENT '账户',
  `password` varchar(50) CHARACTER SET utf8mb4 COLLATE utf8mb4_general_ci NOT NULL COMMENT '密码',
  `loginip` varchar(20) CHARACTER SET utf8mb4 COLLATE utf8mb4_general_ci DEFAULT NULL COMMENT '上次登录ip',
  `logintime` datetime(0) DEFAULT NULL COMMENT '上次登录时间',
  PRIMARY KEY (`id`) USING BTREE
) ENGINE = InnoDB AUTO_INCREMENT = 2 CHARACTER SET = utf8mb4 COLLATE = utf8mb4_general_ci ROW_FORMAT = Dynamic;

-- ----------------------------
-- Records of sais_admin
-- ----------------------------
INSERT INTO `sais_admin` VALUES (1, 'HanLi', 'e10adc3949ba59abbe56e057f20f883e', '0:0:0:0:0:0:0:1', '2019-04-08 21:49:50');

-- ----------------------------
-- Table structure for sais_collect
-- ----------------------------
DROP TABLE IF EXISTS `sais_collect`;
CREATE TABLE `sais_collect`  (
  `id` int(11) NOT NULL AUTO_INCREMENT,
  `user_id` int(11) NOT NULL COMMENT '用户id',
  `post_id` int(11) NOT NULL COMMENT '收藏微博id',
  `status` tinyint(1) NOT NULL DEFAULT 0 COMMENT '是否收藏：0 否；1 是',
  PRIMARY KEY (`id`) USING BTREE
) ENGINE = MyISAM AUTO_INCREMENT = 98 CHARACTER SET = utf8 COLLATE = utf8_general_ci ROW_FORMAT = Fixed;

-- ----------------------------
-- Records of sais_collect
-- ----------------------------
INSERT INTO `sais_collect` VALUES (91, 6, 356, 1);
INSERT INTO `sais_collect` VALUES (92, 6, 354, 1);
INSERT INTO `sais_collect` VALUES (93, 9, 356, 1);
INSERT INTO `sais_collect` VALUES (94, 9, 354, 1);
INSERT INTO `sais_collect` VALUES (95, 10, 356, 0);
INSERT INTO `sais_collect` VALUES (96, 10, 354, 0);
INSERT INTO `sais_collect` VALUES (97, 10, 353, 0);

-- ----------------------------
-- Table structure for sais_college
-- ----------------------------
DROP TABLE IF EXISTS `sais_college`;
CREATE TABLE `sais_college`  (
  `id` int(8) NOT NULL AUTO_INCREMENT COMMENT '主键',
  `college_name` varchar(50) CHARACTER SET utf8mb4 COLLATE utf8mb4_general_ci NOT NULL DEFAULT '' COMMENT '学校中文名，不重复',
  `college_e_name` varchar(100) CHARACTER SET utf8mb4 COLLATE utf8mb4_general_ci NOT NULL DEFAULT '' COMMENT '学校英文名，不重复',
  `country` varchar(10) CHARACTER SET utf8mb4 COLLATE utf8mb4_general_ci NOT NULL COMMENT '国家',
  `area` varchar(50) CHARACTER SET utf8mb4 COLLATE utf8mb4_general_ci NOT NULL COMMENT '地区',
  `qs_rank` int(8) NOT NULL COMMENT 'qs排名',
  `rate` double(4, 2) NOT NULL COMMENT '录取率',
  `local_rank_name` varchar(50) CHARACTER SET utf8mb4 COLLATE utf8mb4_general_ci NOT NULL COMMENT '本国排名标准',
  `local_rank` int(8) NOT NULL COMMENT '本国排名',
  `hot_major` json NOT NULL COMMENT '热门专业',
  `icon` varchar(100) CHARACTER SET utf8mb4 COLLATE utf8mb4_general_ci NOT NULL COMMENT '图标',
  `introduce` varchar(1024) CHARACTER SET utf8mb4 COLLATE utf8mb4_general_ci NOT NULL COMMENT '学校介绍',
  `sum` int(8) NOT NULL COMMENT '总学生数',
  `undergraduate` int(8) NOT NULL COMMENT '本科学生数',
  `graduate` int(8) NOT NULL COMMENT '研究生学生数',
  `student_staff_ratio` double(4, 2) NOT NULL COMMENT '师生比例',
  `undergraduate_international_proportion` double(4, 2) NOT NULL COMMENT '国际生比例(本科)',
  `graduate_international_proportion` double(4, 2) NOT NULL COMMENT '国际生比例(研究生)',
  `ea` varchar(10) CHARACTER SET utf8mb4 COLLATE utf8mb4_general_ci NOT NULL COMMENT 'EA申请截止日期',
  `rd` varchar(10) CHARACTER SET utf8mb4 COLLATE utf8mb4_general_ci NOT NULL COMMENT 'RD申请截止日期',
  `transfer` varchar(10) CHARACTER SET utf8mb4 COLLATE utf8mb4_general_ci NOT NULL COMMENT '转学申请截止日期',
  `undergraduate_gpa` double(4, 2) NOT NULL DEFAULT 6.00 COMMENT '本科平均GPA分数',
  `sat` int(8) NOT NULL DEFAULT 9999 COMMENT '本科SAT分数',
  `undergraduate_language` double(6, 2) NOT NULL DEFAULT 6.00 COMMENT '本科外语录取最低分',
  `graduate_gpa` double(4, 2) NOT NULL COMMENT '研究生平均GPA分数',
  `graduate_language` double(6, 2) NOT NULL COMMENT '研究生外语最低分',
  `undergraduate_document` json NOT NULL COMMENT '本科生申请材料',
  `graduate_document` json NOT NULL COMMENT '研究生申请材料',
  `profession` json NOT NULL COMMENT '专业设置',
  `tuition_fee` varchar(20) CHARACTER SET utf8mb4 COLLATE utf8mb4_general_ci NOT NULL COMMENT '学费',
  `living_fee` varchar(20) CHARACTER SET utf8mb4 COLLATE utf8mb4_general_ci NOT NULL COMMENT '生活费',
  PRIMARY KEY (`id`) USING BTREE,
  UNIQUE INDEX `college_name`(`college_name`) USING BTREE,
  UNIQUE INDEX `college_e_name`(`college_e_name`) USING BTREE
) ENGINE = InnoDB AUTO_INCREMENT = 54 CHARACTER SET = utf8mb4 COLLATE = utf8mb4_general_ci ROW_FORMAT = Dynamic;

-- ----------------------------
-- Records of sais_college
-- ----------------------------
INSERT INTO `sais_college` VALUES (1, '诺丁汉大学', 'University of Nottingham', 'UK', '英格兰', 82, 13.10, '泰晤士报英国', 16, '[\"神学与宗教研究\", \"制药与药理学\", \"政治\"]', 'University_of_Nottingham.png', '诺丁汉大学（University of Nottingham）是英国一所大型公立综合性大学，其历史可追溯至1881年成立的诺丁汉大学学院（University College Nottingham），1948年正式获得皇家宪章，更名为“诺丁汉大学”，主校区位于英格兰诺丁汉市西郊，属罗素大学集团的一员。诺丁汉大学另在宁波、马来西亚建有两个海外校区。', 33270, 25135, 5740, 4.60, 17.30, 38.30, '', '6月30日', '', 6.00, 9999, 6.00, 6.00, 6.00, '[\"UCAS在线申请表\", \"托福/雅思\", \"A-level或IB课程成绩等\", \"1篇Essay及1封推荐信\", \"高中毕业证/高中在读证明\", \"高中成绩单\", \"资金证明\"]', '[]', '[\"文化\", \"电影与传媒\", \"历史\", \"哲学\", \"考古学\", \"医学\", \"护理学\", \"生物化学\", \"基因学\", \"兽医与科学\", \"航空航天工程\", \"土木工程\", \"建筑与环境建设\", \"化学与环境工程\", \"电气电子工程\", \"机械材料与制造工程\", \"商科\", \"经济\", \"会计与金融\", \"金融与投资\", \"银行学与金融\", \"教育\", \"TESOL\", \"法律\", \"政治与国际关系\", \"国际传媒与传播研究\"]', '￡12,830', '');
INSERT INTO `sais_college` VALUES (2, '麻省理工学院', 'Massachusetts Institute of Technology', 'US', '马萨诸塞州', 1, 8.30, 'USNews美国', 3, '[\"土木工程\", \"电气工程\", \"机械工程\"]', 'Massachusetts_Institute_of_Technology_suaPINX.png', '麻省理工学院（Massachusetts Institute of Technology，缩写MIT）成立于1861年，位于美国马萨诸塞州波士顿附近的剑桥市，其吉祥物为海狸，代表动物界最擅长筑水坝的工程师。', 11331, 4527, 6804, 8.00, 9.70, 41.90, '1月5日', '1月1日', '', 6.00, 1510, 100.00, 6.00, 90.00, '[\"个人作品\", \"标准考试成绩\", \"面试\", \"75美金申请费\", \"学校申请表\", \"Essay和课外活动\", \"2封教师推荐信\", \"班主任推荐信\"]', '[\"成绩单\"]', '[\"金融硕士\", \"MBA项目\", \"PhD项目\", \"商业分析硕士\", \"土木与环境工程\", \"航空航天工程\", \"化学工程\", \"机械工程\", \"生物工程\", \"材料科学与工程\", \"电气工程与计算机科学\", \"核科学与工程\", \"数据、系统与社会研究所\", \"计算工程中心\", \"MIT-WHOI联合项目\", \"其他项目\", \"建筑学\", \"房地产开发\", \"城市研究与规划\", \"媒体艺术与科学\", \"经济学\", \"政治科学\", \"语言学与哲学\", \"比较媒体研究\", \"科学写作\", \"化学\", \"数学\", \"物理\", \"生物学\", \"微生物学\", \"地球、大气与行星科学\", \"计算与系统生物学\", \"大脑与行为科学\"]', '$51,832', '$14,210');
INSERT INTO `sais_college` VALUES (3, '斯坦福大学', 'Stanford University', 'US', '加利福尼亚州', 2, 5.04, 'USNews美国', 7, '[\"地球系统\", \"能源工程\", \"航空航天工程\", \"建筑设计\", \"大气与能源工程\", \"生物工程\"]', 'Stanford_University.png', '斯坦福大学（Stanford University），或作“史丹福大学”，全称“小利兰·斯坦福大学（Leland Stanford Junior University）”，美国加利福尼亚州斯坦福市的私立研究型大学，由加利福尼亚州州长及铁路富豪利兰·斯坦福和他的妻子于1891年建立，也是为纪念他们因伤寒而于十六岁生日前夕死去的儿子。该校男女同校，宗教自由，并获评为是世上一流和最杰出的大学之一，已有54名教职员及校友获得诺贝尔奖。香港富商李嘉诚之子李泽钜，美籍华裔歌手费翔、华裔美国人朱棣文1997年诺贝尔物理学奖获得者均毕业于斯坦福大学。\r\n\r\n至1950年代，此校现位于美国西海岸硅谷的中央,培养了众多高科技产品的领导者及创业精神的人材，包括惠普、谷歌、雅虎、罗技电子、特斯拉汽车、Firefox、艺电、太阳微系统、NVIDIA、思科、硅谷图形及eBay这些公司的创办人。美国权威商业杂志富比士及美国商业周刊杂志在2012年，赞赏斯坦福大学透过创新与创业导向的模式不仅成就了硅谷,也领导著世界经济与科技产品的发展，为首屈一指的名校。\r\n\r\n斯坦福大学拥有庞大的资产及辽阔的土地。其校园面积为全美最大之一。它也是太平洋十大学联会的成员之一，同时也是美国西部学校联盟的一员。该校作为一所大型，高住校率的以研究生和专业学生为大多数的研究性大学，全日四年制的本科课程招生要“更严格”，注重文理科，和研究生接触率很高。学校现有七所学院，涵盖多个学术领域。每年均有来自美国各州和世界各地的本科及研究生前来就读。', 16770, 6999, 9771, 4.00, 8.80, 33.50, '12月1日', '', '', 6.00, 1450, 100.00, 6.00, 100.00, '[\"申请表\", \"TOEFL成绩单\", \"成绩单\", \"教师推荐信\", \"高中班主任评估报告\", \"SAT/ACT+写作成绩\", \"高中正式成绩单\", \"申请费\"]', '[]', '[\"能源工程\", \"环境地球系统科学\", \"土木工程\", \"航空航天工程\", \"化学工程\", \"生物工程\", \"人类学\", \"历史\", \"美国研究\", \"化学\", \"古典文学\", \"比较文学\", \"东亚研究\", \"经济学\", \"英语\", \"考古学\", \"生物学\", \"艺术史\", \"工作室艺术\", \"亚裔美国人研究\", \"法语\", \"传播学\", \"汉语\", \"生物科学\", \"人类生物学\", \"德国研究\", \"生物力学与运动科学\", \"机械工程\", \"环境地球系统科学\"]', '$50,703', '$15,763');
INSERT INTO `sais_college` VALUES (4, '加州理工学院', 'California Institute of Technology', 'US', '加利福尼亚州', 4, 8.80, 'USNews美国', 12, '[]', 'California_Institute_of_Technology.png', '加州理工学院（California Institute of Technology，缩写Caltech）创建于1891年，是一所位于美国加利福尼亚州帕萨蒂纳的小型私立综合性全国大学，主校区占地面积约124英亩，该校离洛杉矶市仅18公里。该校由美国企业家、政治家阿默斯·G·史路普（Amos G. Throop）一手建立，当初只是一个职业学校直到1910年，1934年加州理工当选为美国大学联盟成员；在1936年到1943年，该校一直管理运营着美国宇航局喷气推进实验室。\r\n尽管学校规模较小，但丝毫不影响其师资力量与教学实力；学校共产生了33位诺贝尔奖得主，并一度与麻省理工学院不相上下。该校于2013年10月24日任命了第9任校长Thomas F. Rosenbaum于2014年7月1日正式上任。', 2255, 1001, 1254, 3.00, 8.00, 0.00, '11月1日', '12月份', '', 6.00, 1540, 100.00, 3.50, 90.00, '[\"申请表\", \"TOEFL成绩单\", \"成绩单\", \"教师推荐信\", \"申请费75美元\", \"SATⅡ考试成绩\", \"标准化考试成绩\", \"中学学校报告\"]', '[\"个人陈述\", \"教师推荐信\", \"大学成绩单\", \"申请费：$100\", \"论文与著作清单\", \"GRE\", \"GRE Subject\", \"TOEFL\", \"IELTS成绩\"]', '[\"神经生物学\", \"生物工程\", \"生物学\", \"费用与奖学金\", \"生物化学与分子生物物理学\", \"化学\", \"化学工程\", \"电气工程\", \"计算机科学\", \"应用物理\", \"土木工程\", \"机械工程\", \"材料科学\", \"应用力学\", \"航空学\", \"计算与神经系统\", \"应用及计算数学\", \"控制与动力系统\", \"医学工程\", \"航天工程\", \"环境科学与工程\", \"地质学\", \"地球物理\", \"行星科学\", \"地球化学\", \"地球生物学\", \"天体物理\", \"数学\", \"物理\"]', '$50,487', '$15,525');
INSERT INTO `sais_college` VALUES (5, '普林斯顿大学', 'Princeton University', 'US', '新泽西州', 13, 6.50, 'USNews美国', 1, '[\"工程类专业\", \"历史专业\", \"社会学专业\", \"经济学专业\"]', 'Princeton_University.png', '普林斯顿大学是一所位于美国新泽西州普林斯顿的私立研究型大学，现为八所常春藤盟校之一。 普林斯顿历史悠久。它成立于1746年，是九所在美国革命前成立的殖民地学院之一，同时也是美国第四古老的高等教育机构。 普林斯顿大学分为本科部和研究生部，共有4个学院：该校由工程与应用科学学院、建筑与城市规划学院、威尔逊公共及国际事务学院和研究生学院构成。至今，已经有35名诺贝尔得奖者、17名美国国家科学奖章得主及3名美国国家人文奖章夺得人曾经或现为普林斯顿大学的毕业生或教职员。另外，普林斯顿也是获得最多捐款的学术机构之一。', 8138, 5402, 2736, 5.00, 11.10, 0.00, '11月1日', '1月1日', '', 3.85, 1470, 100.00, 6.00, 100.00, '[\"申请表\", \"学习报告与成绩单\", \"推荐信\", \"SAT/ACT成绩单\", \"TOEFL成绩单\", \"SATⅡ成绩单\"]', '[\"推荐信\", \"TOEFL成绩单\", \"申请费\", \"个人陈述\", \"个人简历\", \"GRE/GMAT成绩\", \"成绩单\"]', '[\"电气工程\", \"计算机科学\", \"化学与生物工程\", \"土木与环境工程\", \"机械与航空航天工程\", \"运筹学与金融工程\", \"建筑学\", \"英语\", \"音乐\", \"哲学\", \"考古学\", \"人类学\", \"历史\", \"政治学\", \"经济学\", \"社会学\", \"金融硕士\", \"人口研究\", \"公共政策\", \"天体物理\", \"化学\", \"数学\", \"分子生物学\", \"物理\", \"心理学\", \"大气与海洋科学\", \"应用与计算数学\", \"生态与演化生物学\", \"地质科学\", \"神经科学\", \"等离子物理\", \"计量与计算生物学\"]', '$47,140', '$15,610');
INSERT INTO `sais_college` VALUES (6, '耶鲁大学', 'Yale University', 'US', '康涅狄格州', 15, 6.72, 'USNews美国', 3, '[]', 'Yale_University_eQlTt09.png', '耶鲁大学（Yale University），成立于1701年，是美国历史上第三所高等学校，常春藤盟校之一，也是美国九所殖民地学院之一，坐落于康涅狄格州第二大城市纽黑文市。\r\n耶鲁大学初名“大学学院（Collegiate School）”，原位于康涅狄格州的克林顿市（Clinton），后搬迁至旧塞布鲁克镇（Old Saybrook），再至韦瑟斯菲尔德（Wethersfield）。最终于1718年迁至今所在的纽黑文市，同年，在多方游说下，商人伊利胡·耶鲁答应向当时的大学学院捐出9包货物及417本书籍，外加一副英王乔治一世的画像，这些财物被换算成560英镑——这在当时是一笔不小的捐赠，于是学校便改名为耶鲁学院。1887年，因学校角色的扩展，改名为耶鲁大学。尽管1892年耶鲁大学的艺术与科学学院便接受了女生的申请，但一直到1969年，耶鲁大学方才真正的转变为男女合校的学校。此前，耶鲁大学一直通过想合并瓦萨尔学院引入女生，多年未果后，最终两校都在1969年各自转变成为了男女合校制。', 12312, 5532, 6853, 6.00, 11.00, 0.00, '', '1月1日', '', 6.00, 1480, 100.00, 6.00, 100.00, '[\"申请费：$80\", \"大学成绩单\", \"官方高中成绩单\", \"Common Application申请表及补充申请表\", \"SAT/ACT+写作成绩\", \"在读证明/毕业证明\", \"教师推荐信：2封\", \"课程描述\", \"TOEFL/IELTS/PTE成绩单\", \"期中考试报告\"]', '[\"推荐信\", \"个人陈述\", \"个人简历\", \"在线申请表格\", \"GRE/GMAT成绩单\", \"TOEFL/IELTS成绩单\", \"写作样本\", \"个人作品：主要申请艺术或建筑专业的学生\", \"大学成绩单\", \"研究计划\", \"申请费105美元\"]', '[\"会计\", \"市场营销\", \"工程硕士与工商管理硕士双学位项目\", \"工商管理硕士\", \"高级工商管理硕士\", \"医学博士-工商管理硕士\", \"运筹学\", \"其他专业\", \"法学博士与工商管理硕士双学位\", \"金融经济学\", \"组织与管理\", \"高级管理硕士\", \"系统风险管理研究硕士\", \"工商管理硕士与林业硕士\", \"工商管理硕士与全球事务硕士\", \"环境工程\", \"机械工程\", \"材料科学\", \"其他项目\", \"化学工程硕士\", \"化学工程博士\", \"环境工程博士\", \"机械工程硕士\", \"材料科学博士\", \"生物医学工程硕士\", \"生物医学工程博士\", \"电气工程硕士\", \"电气工程博士\", \"人类学\", \"历史\", \"计算机科学\", \"应用物理\", \"美国研究\", \"古典文学\", \"比较文学\", \"东亚研究\", \"经济学\", \"数学\", \"心理学\", \"考古学\", \"天文学\", \"应用数学\", \"艺术史\", \"法语\", \"东亚语言与文学\", \"非裔美国人研究\", \"地质学与地球物理\", \"非洲研究\", \"其他项目\", \"全球事务\", \"物理博士\", \"化学博士\", \"统计学硕士\", \"统计学博士\", \"生物及生物医学科学\", \"欧洲与俄罗斯研究\", \"日耳曼语言与文学\", \"建筑学\", \"PhD项目\", \"环境设计硕士\", \"建筑学硕士与工程管理硕士\", \"建筑学硕士与环境设计硕士\", \"建筑学硕士与工程管理硕士\", \"其他项目\", \"环境管理硕士\", \"环境工程硕士\", \"法理博士\", \"法学硕士\", \"法学哲学博士\", \"护理硕士\", \"护理博士\", \"版画艺术\", \"平面设计\", \"摄影艺术\", \"绘画艺术\", \"雕刻艺术\", \"生物统计学\", \"环境健康科学\", \"公共卫生硕士\", \"理学硕士\", \"哲学博士\", \"医学博士\", \"医学博士-工商管理硕士\", \"医学博士-公共卫生硕士\", \"医学博士与神学硕士\", \"医学博士与法学博士\", \"神学硕士\", \"宗教学硕士\", \"神学理论硕士\", \"设计\", \"导演\", \"表演\", \"舞台管理\", \"剧院管理\", \"编剧\", \"技术设计与制作\", \"音乐硕士\", \"音乐博士\"]', '$51,400', '$15,170');
INSERT INTO `sais_college` VALUES (7, '哥伦比亚大学', 'Columbia University', 'US', '纽约州', 16, 6.00, 'USNews美国', 3, '[\"金融\", \"金融工程\", \"金融数学\"]', 'Columbia_University.png', '哥伦比亚大学（Columbia University），简称哥大，是一所位于美国纽约的私立研究型大学，亦是常春藤盟校之一。该校成立于1754年，原为国王学院（Kings College），是美洲大陆最古老的学院之一。美国独立战争后更名为哥伦比亚学院，1896年成为哥伦比亚大学。哥伦比亚大学是美国大学协会十四所成员大学之一，也是美国第一所授予医学博士的大学。', 30304, 8613, 21691, 6.00, 14.00, 0.00, '12月15日', '1月1日', '', 6.00, 1490, 100.00, 3.00, 100.00, '[\"ESSAY\", \"TOEFL/IELTS成绩单\", \"补充申请材料\", \"申请费：$85\", \"推荐信：3封\", \"期中考试报告\", \"Need-based奖学金申请表\", \"高中正式成绩单\", \"哥伦比亚大学申请表\", \"SAT/ACT考试成绩单\", \"面试：非必须\"]', '[\"推荐信\", \"申请费\", \"个人陈述\", \"个人简历\", \"GRE/GMAT成绩单\", \"TOEFL/IELTS成绩单\", \"在线申请表\", \"成绩单\"]', '[\"MBA项目\", \"PhD项目\", \"市场营销硕士\", \"金融经济学硕士\", \"会计与基本分析硕士\", \"电气工程\", \"计算机工程\", \"计算机科学\", \"应用物理\", \"生物医学工程\", \"化学工程\", \"机械工程\", \"应用数学\", \"材料科学与工程\", \"工业工程\", \"医学物理\", \"管理科学与工程\", \"数据科学\", \"运筹学\", \"地球与环境工程\", \"土木工程与工程力学\", \"金融工程\", \"人类学\", \"生物技术\", \"化学\", \"经济学\", \"音乐\", \"物理\", \"心理学\", \"社会学\", \"天文学\", \"戏剧\", \"统计学\", \"地球与环境科学\", \"生物科学\", \"神经生物学与行为学\", \"生态、演化与环境生物学\", \"气候与社会\", \"英语与比较文学\", \"数学与金融数学\", \"社会科学计量方法\", \"精算硕士\", \"视觉艺术\", \"戏剧\", \"写作\", \"电影\", \"声音艺术\", \"法理博士\", \"法学硕士\", \"法理博士\", \"课程与教学\", \"数字游戏设计与开发\", \"应用语言学与TESOL\", \"数字游戏设计与开发\", \"传播学\", \"新闻学\"]', '$53,000', '$12,860');
INSERT INTO `sais_college` VALUES (8, '康奈尔大学', 'Cornell University', 'US', '纽约州', 14, 15.00, 'USNews美国', 16, '[]', 'Cornell_University.png', '康奈尔大学（Cornell University），或称“康乃尔大学”，是由埃兹拉•康奈尔和安德鲁•迪克森•怀特于1865年所建立，是一所位于美国纽约州伊萨卡的私立研究型宗教信仰自由的大学，另有两所分校位于纽约市和卡塔尔大学城，为八个常春藤盟校中唯一一所在美国独立战争后创办的。与其它常青藤盟校大而全的发展策略不同，康奈尔一直致力于做“最好的本科教育”。其下属7所学院，4所私立，3所公立。其中建筑学院与酒店管理学院提供了全美最好的相关专业。', 21904, 14315, 7589, 9.00, 10.00, 48.00, '1月15日', '11月1日', '1月2日', 3.00, 1970, 100.00, 6.00, 80.00, '[]', '[]', '[\"营养学\", \"纤维科学与服装设计\", \"公共政策分析\", \"人类发展\", \"设计与环境分析\", \"PhD项目\", \"临床流行病与健康服务研究\", \"健康信息学\", \"人类学\", \"历史\", \"计算机科学\", \"美国研究\", \"比较文学\", \"经济学\", \"英语\", \"数学\", \"音乐\", \"近东研究\", \"哲学\", \"物理\", \"心理学\", \"考古学\", \"传播学\", \"艺术史\", \"法语\", \"亚洲研究\", \"政府学\", \"比较文学\", \"语言学\", \"西班牙语\", \"计算生物学\", \"生物物理学\", \"艺术\", \"生物化学与分子生物学\", \"统计学\", \"希腊语与拉丁语\", \"房地产\", \"表演\", \"德语研究\", \"宗教研究\", \"其它专业\", \"女性、性别与性研究\", \"中国与亚太研究\", \"科学与技术学\", \"神经生物学与行为学\", \"化学与化学生物学系\", \"天文学与空间科学系\", \"区域科学\", \"企业金融\", \"经济学\", \"会计\", \"市场营销\", \"PhD项目\", \"金融分析\", \"企业管理与创新\", \"MBA\", \"金融\", \"战略管理\", \"市场分析硕士\", \"商业咨询\", \"私募股权投资与创业投资\", \"商业领导与职业素养\", \"国际贸易管理\", \"可持续全球企业发展\", \"金融投资\", \"市场管理\", \"产品与运营管理\", \"组织行为与管理\", \"计算机科学专业硕士\", \"LLM（Master of Laws）\", \"JD\", \"MSLS\", \"JSD项目\", \"计算机科学\", \"应用物理\", \"土木与环境工程\", \"地质科学\", \"航空航天工程\", \"生物医学工程\", \"化学工程\", \"机械工程\", \"工程物理\", \"应用数学\", \"信息科学\", \"电气与计算机工程\", \"材料科学与工程\", \"统计学\", \"系统工程\", \"信息工程与管理\", \"运营研究\", \"生物与环境工程\", \"理论与应用力学\", \"微生物学\", \"植物生物学\", \"动物科学\", \"昆虫学\", \"园艺学\", \"景观设计\", \"自然资源\", \"植物育种与遗传\", \"作物与土壤科学\", \"环境毒理学\", \"遗传学与基因组学\", \"植物病理学与微生物学\", \"食品科学与技术\", \"医学博士\", \"MD/PhD\", \"建筑学\", \"艺术\", \"城市与地区规划\", \"亚洲宗教与文化\", \"生物医学工程\", \"药理学\", \"生态与野生动物保护\", \"兽医博士\", \"分子与综合生理学\", \"市场营销\", \"人力资源管理\", \"酒店管理\", \"金融管理\", \"人力资源管理\", \"公共管理\", \"医学预科\"]', '', '');
INSERT INTO `sais_college` VALUES (9, '宾夕法尼亚大学', 'University of Pennsylvania', 'US', '宾夕法尼亚州', 19, 10.20, 'USNews美国', 8, '[\"生物工程\", \"商科\", \"医学\", \"\"]', 'University_of_Pennsylvania_.png', '宾夕法尼亚大学（University of Pennsylvania，缩写UPenn）成立于1740年，是美国著名学者本杰明·富兰克林创立的一所中等大小的私立综合性全国大学。该校位于宾夕法尼亚州最大的城市费城。费城是美国独立战争时起草独立宣言和联邦宪法的地方，所以宾夕法尼亚州也被称为“美国的摇篮”。宾夕法尼亚大学是美国著名的常春藤八大之一，亦是9所美国早期殖民学院之一。', 21395, 9726, 11669, 6.00, 12.00, 0.00, '9月15日', '1月5日', '', 3.80, 1450, 108.00, 6.00, 100.00, '[\"SAT/ACT成绩单\", \"教师推荐信\", \"标准考试成绩\", \"申请费：$75\", \"期中考试报告\", \"普通申请表及补充申请表\", \"高中正式成绩单\", \"个人作品：申请视觉艺术、音乐、数字媒体设计、建筑学专业的学生需提\", \"面试：部分学院要求\"]', '[\"个人陈述\", \"成绩单\", \"申请费：$80\", \"在线申请表\", \"2-3封推荐信\"]', '[\"生物医学科学\", \"医学博士\", \"人类学\", \"历史\", \"政治学\", \"化学\", \"比较文学\", \"经济学\", \"英语\", \"数学\", \"音乐\", \"哲学\", \"心理学\", \"社会学\", \"生物学\", \"天文学\", \"艺术史\", \"犹太研究\", \"语言学\", \"国际研究\", \"宗教学\", \"古典文学研究\", \"犯罪学\", \"非洲研究\", \"地球与环境科学\", \"物理与天文学\", \"古代史\", \"近东语言与文明\", \"人口学\", \"应用数学与计算科学\", \"地中海世界历史与考古学\", \"东亚语言文明\", \"日耳曼语言\", \"历史与科学社会学\", \"南亚区域研究\", \"罗曼斯语言\", \"社会福利博士项目\", \"社会工作硕士\", \"社会政策硕士\", \"非营利领导硕士\", \"会计\", \"金融\", \"市场营销\", \"管理\", \"统计学\", \"企业管理\", \"应用经济学\", \"商业经济学与公共政策\", \"环境与风险管理\", \"医疗保健管理\", \"战略与经济\", \"保险与风险管理\", \"法律与职业道德\", \"医疗保健管理与经济学\", \"运营、信息管理与决策\", \"牙医理学博士\", \"DMD项目\", \"口腔生物学硕士\", \"环境研究\", \"医学物理\", \"博雅教育\", \"应用正向心理学\", \"应用地球科学\", \"企业动态\", \"非传统研究\", \"护理博士\", \"成年人-老年人急症护理实践\", \"成年人-老年人中枢神经系统症状护理\", \"成年人-老年人基础护理\", \"护理麻醉\", \"家庭健康护理\", \"卫生领导硕士项目\", \"新生儿中枢神经系统症状护理\", \"新生儿护理实践\", \"助产护理\", \"护理与保健管理\", \"小儿急症护理-慢性病护理方向\", \"小儿急症护理-危重症护理方向\", \"小儿急症护理-肿瘤护理方向\", \"小儿中枢神经系统症状护理\", \"小儿基础护理\", \"精神病护理\", \"急症姑息治疗护理\", \"女性健康护理\", \"DNP项目\", \"法学博士\", \"法学硕士\", \"比较法硕士\", \"电气工程\", \"生物技术\", \"生物工程\", \"材料科学与工程\", \"计算机与信息科学\", \"化学与生物分子工程\", \"纳米技术\", \"数据科学硕士\", \"机器人学\", \"技术管理\", \"计算机图形与游戏技术\", \"计算机与信息技术\", \"电气与系统工程\", \"嵌入式系统\", \"集成产品设计\", \"机械工程与应用力学\", \"系统工程\", \"通信与网络\", \"建筑学\", \"城市与区域规划\", \"历史古迹保护\", \"DVM项目\"]', '$49,220', '$15,616');
INSERT INTO `sais_college` VALUES (10, '密歇根大学安娜堡分校', 'University of Michigan, Ann Arbor', 'US', '密歇根州', 20, 23.55, 'USNews美国', 27, '[\"商科\", \"法学\", \"医学\", \"工程学\", \"文理学\", \"建筑学\"]', 'mixiegendaxue.png', '密歇根大学安娜堡分校通常被称作密歇根大学。该校成立于1817年，是一所大型公立综合性全国大学，位于美国中西部小城安娜堡。密歇根大学安娜堡分校是美国著名公立大学系统——密歇根大学系统的旗舰学校。\r\n    密歇根大学号称美国的“学术重镇”以“研究”著称，校内拥有全美最高的研究预算、浓厚的学术气氛、优良的师资以及顶尖的商学院、法学院、医学院、工学院及文理学院，并在人类学、社会科学和STEM领域（科学、技术、工程、数学）以及专业学位的医学、法学、口腔学和社会工作领域开设综合性的研究生专业。学校在世界范围内享有盛名，被誉为“公立常春藤”，与加州伯克利大学、威斯康辛大学麦迪逊分校称为“公立大学典范”。', 43651, 28312, 15339, 15.00, 6.90, 0.00, '11月1日', '2月1日', '', 3.70, 1380, 100.00, 6.00, 100.00, '[\"高中成绩单\", \"申请费75美元\", \"在线申请表格\", \"学校报告\", \"SAT/ACT+写作成绩\", \"教师评估\", \"语言考试成绩\"]', '[\"推荐信\", \"申请费\", \"个人陈述\", \"个人简历\", \"成绩单\", \"在读证明/毕业证明\", \"学术目标陈述\"]', '[\"电气工程\", \"人类学\", \"建筑学\", \"生物化学\", \"应用物理\", \"政治学\", \"化学\", \"土木与环境工程\", \"比较文学\", \"经济学\", \"数学\", \"哲学\", \"物理\", \"心理学\", \"社会学\", \"公共政策\", \"航空航天工程\", \"生物医学工程\", \"化学工程\", \"传播学\", \"机械工程\", \"核工程\", \"物流管理\", \"会计\", \"工商管理\", \"语言学\", \"生物统计学\", \"流行病学\", \"社会工作\", \"药学\", \"法学\", \"城市设计\", \"护理\", \"医学化学\", \"材料科学与工程\", \"生物统计学\", \"化学生物学\", \"景观设计\", \"运动机能学\", \"工业工程\", \"城市与区域规划\", \"生物物理\", \"亚洲语言与文化\", \"统计学\", \"牙医\", \"环境卫生科学\", \"公共管理\", \"地球与环境科学\", \"创业管理\", \"比较法\", \"生物医学科学\", \"生态与进化生物学\", \"人类遗传学和基因组学\", \"荧屏艺术与文化\", \"自然资源与环境\", \"制药科学\", \"药物化学\", \"卫生信息学\", \"艺术与设计\", \"医学\", \"临床、社会和行政科学\", \"国际税法\", \"健康行为及教育\", \"卫生管理与政策\", \"信息学\", \"大气、海洋和空间科学\", \"计算机科学与工程\", \"系统与设计\", \"高分子科学与工程\", \"船舶与海洋工程\", \"音乐舞蹈与戏剧\", \"美国文化\", \"人类学与历史\", \"天文学与天文物理学\", \"古典艺术与考古学\", \"希腊与罗马历史\", \"俄国、东欧与欧亚研究\"]', '$49,350', '$11,534');
INSERT INTO `sais_college` VALUES (11, '杜克大学', 'Duke University', 'US', '北卡罗来纳州', 26, 11.80, 'USNews美国', 8, '[\"法学\", \"经济学\", \"金融\", \"\"]', 'Duke_University.png', '杜克大学 （Duke University）创建于1838年，坐落于美国北卡罗来纳州的达勒姆，是一所研究型大学。杜克大学是全美优秀的大学之一，也是美国南部较好的私立大学。其商学院、法学院和医学院均位列美国前十。', 15984, 6639, 9345, 8.00, 10.00, 0.00, '11月1日', '1月3日', '', 6.00, 1500, 90.00, 6.00, 90.00, '[\"申请表\", \"SAT/ACT成绩单\", \"高中成绩单\", \"TOEFL/IELTS成绩单\", \"补充申请材料\", \"申请费：$85\", \"高中报告与班主任评价\", \"教师推荐信：2封\", \"高三第一学期期中考试成绩\", \"高三第一学期期末考试成绩\", \"高三成绩单\", \"奖学金申请表：如考虑申请Need-aware奖学金\", \"ED协议：如通过ED方式申请\"]', '[\"申请表\", \"GRE/GMAT成绩\", \"TOEFL/IELTS成绩\", \"正规大学本科毕业并取得学士学位\"]', '[\"法学\", \"法律&创业学\", \"法学研究\", \"PhD项目\", \"麻醉护理\", \"临床护理\", \"历史\", \"计算机科学\", \"化学\", \"经济学\", \"英语\", \"数学\", \"哲学\", \"物理\", \"社会学\", \"政治科学\", \"全球卫生\", \"统计学\", \"通识教育\", \"文学\", \"宗教研究\", \"东亚研究硕士\", \"人文科学\", \"教学硕士\", \"心理学与神经科学\", \"计算生物学与生物信息学\", \"生物伦理与科学政策\", \"数字艺术史/计算媒体\", \"计算媒体、艺术与文化\", \"斯拉夫与欧洲研究\", \"实验与纪录片艺术\", \"浪漫研究\", \"文化人类学\", \"演化人类学\", \"音乐（作曲、音乐学、民族音乐学方向）\", \"艺术、艺术史与视觉研究\", \"金融\", \"市场营销\", \"管理\", \"金融分析\", \"企业管理与创新\", \"管理研究硕士\", \"运筹学\", \"计量管理硕士\", \"决策学\", \"能源与环境\", \"能源金融\", \"领导与职业道德\", \"社会企业管理\", \"战略\", \"生物化学\", \"生物统计学\", \"医学物理\", \"PhD项目\", \"环境管理硕士\", \"林学硕士\", \"环境政策硕士\", \"公共政策硕士\", \"公共政策博士\", \"国际发展政策硕士\", \"环境工程\", \"土木工程\", \"土木与环境工程\", \"生物医学工程\", \"电气与计算机工程\", \"工程管理\", \"工程硕士\", \"机械工程与材料科学\", \"神学（重实践）\", \"基督教实践\", \"神学研究\", \"神学（重理论）\", \"基督教研究\", \"教牧学\"]', '$55,960', '$15,944');
INSERT INTO `sais_college` VALUES (12, '西北大学', 'Northwestern University', 'US', '伊利诺伊州', 34, 0.00, 'USNews美国', 10, '[]', 'Northwest_University.png', '西北大学（英语：Northwestern University）是美国一间著名的私立研究型大学。2018年度位居世界大学综合排名第20名，美国大学综合排名第11名，是美国历史悠久的知名学府。该校的埃文斯顿市和芝加哥两个校区都位于密歇根湖泊畔。\r\n西北大学于1851年创立，一开始是为西北领地的人服务，当时在密歇根湖畔的379公顷农地被划给大学作为校园使用。西北大学是全国大学体育协会十大联盟高校的创会成员，并一直是唯一的私立大学成员。截止2017年，共有19位校友及教职工曾获得诺贝尔奖。', 21642, 9001, 12641, 7.00, 8.00, 0.00, '11月1日', '1月1日', '', 6.00, 1390, 105.00, 6.00, 105.00, '[\"申请表\", \"TOEFL成绩单\", \"成绩单\", \"教师推荐信\", \"SAT或ACT考试成绩单\"]', '[\"推荐信\", \"TOEFL成绩单\", \"个人陈述\", \"个人简历\", \"GRE/GMAT成绩\", \"成绩单\", \"资金证明\", \"在线申请表\"]', '[\"专业名称\", \"管理研究硕士\", \"工商管理硕士\", \"高级工商管理硕士\", \"工商管理博士\", \"工商管理硕士与设计创新硕士双学位\", \"法学博士与工商管理硕士双学位\", \"生物技术\", \"化学与生物工程\", \"土木与环境工程\", \"生物医学工程\", \"机械工程\", \"材料科学与工程\", \"生物技术\", \"项目管理\", \"机器人学\", \"电气工程和计算机科学\", \"工业工程和管理科学\", \"工程科学与应用数学\", \"工程设计与创新\", \"产品设计与开发管理\", \"专业名称\", \"人类学\", \"历史\", \"应用物理\", \"政治学\", \"化学\", \"比较文学\", \"经济学\", \"英语\", \"德语\", \"数学\", \"哲学\", \"心理学\", \"社会学\", \"宗教学\", \"神经科学\", \"艺术史\", \"法语\", \"语言学\", \"哲学\", \"社会学\", \"神经生物学\", \"政治学\", \"非裔美国人研究\", \"地球与行星科学\", \"非裔美国人研究\", \"神经科学\", \"统计学\", \"生物科学\", \"西班牙语和葡萄牙语\", \"物理与天文学\", \"艺术理论与实践\", \"土地管理与保护\", \"植物生物学与养护\", \"传播学\", \"表演\", \"广播影视\", \"沟通科学与人际障碍\", \"新闻学\", \"整合营销传播\", \"媒体战略与领导\", \"专业名称\", \"音乐\", \"音乐艺术博士\", \"音乐研究博士\", \"专业名称\", \"学习科学\", \"教育学硕士\", \"高等教育管理与政策\", \"学习与组织变革硕士\", \"人类发展与社会政策博士\", \"专业名称\", \"法学博士\", \"法学硕士\", \"法学博士与工商管理硕士双学位\", \"法学博士与国际人权法学硕士\", \"法学博士与税务法学硕士\", \"法学博士快捷课程\", \"法学博士与哲学博士\", \"2年制国际律师法学博士\", \"国际人权法学硕士\", \"法学硕士快捷课程\", \"高级法学硕士\", \"税务法学硕士\", \"法学理学硕士\", \"国际人权法学研究硕士\", \"医师助理\", \"医学博士\", \"物理治疗博士\", \"临床义肢及矫形学硕士\"]', '$54,567', '$16,626');
INSERT INTO `sais_college` VALUES (13, '约翰霍普金斯大学', 'Johns Hopkins University', 'US', '马里兰州', 21, 13.20, 'USNews美国', 10, '[\"生物医学\", \"医学专业\", \"教育\", \"\"]', 'The_Johns_Hopkins_University.png', '约翰霍普金斯大学是一所中等大小的非营利私立研究型大学，也是美国一所现代研究型大学，学校以医学、公共卫生、空间科学、国际关系、文学及音乐等学科而闻名世界，美国国家科学基金会连续31年将该校列为全美科研经费开支较高的大学。', 13004, 5386, 10618, 10.00, 10.00, 0.00, '1月7日', '1月2日', '', 3.81, 1480, 100.00, 3.00, 100.00, '[\"TOEFL/IELTS成绩单\", \"奖学金申请表\", \"申请费：$70\", \"教师推荐信：2封\", \"在线申请表和约翰霍普金斯大学补充申请表\", \"ED协议：如通过ED申请，需签署；\", \"中学报告\", \"SAT阅读或ACT+写作\", \"两门SAT II成绩单\", \"年中成绩报告\", \"资金证明表与存款证明\"]', '[\"个人陈述\", \"个人简历\", \"成绩单\", \"GRE/GMAT成绩单\", \"TOEFL/IELTS成绩单\", \"在线申请表\", \"推荐信：一般是2-3封\", \"申请费：$70-$120\", \"其他材料：个人作品、写作样本、面试或试镜等\", \"资金证明材料\"]', '[\"人类学\", \"历史\", \"化学\", \"古典文学\", \"经济学\", \"英语\", \"数学\", \"近东研究\", \"哲学\", \"心理学\", \"社会学\", \"认知科学\", \"艺术史\", \"政治科学\", \"创意写作\", \"地球与行星科学\", \"人文\", \"物理与天文学\", \"高等学术项目\", \"化学-生物学交叉项目\", \"德国与浪漫语言和文学\", \"科学技术史\", \"金融\", \"市场营销\", \"工商管理\", \"信息系统\", \"房地产与基础设施\", \"医疗管理\", \"商业分析与风险管理\", \"生物医学科学\", \"医学博士\", \"护理硕士\", \"护理博士\", \"临床护理博士\", \"生物统计学\", \"公共卫生\", \"公共政策硕士\", \"理学硕士\", \"哲学博士\", \"卫生管理硕士\", \"卫生科学硕士\", \"理学博士\", \"金融数学\", \"计算机科学\", \"土木工程\", \"生物医学工程\", \"化学工程\", \"机械工程\", \"电气与计算机工程\", \"工程管理\", \"材料科学与工程\", \"土木工程\", \"机器人学\", \"信息安全\", \"应用数学与统计学\", \"生物工程创新与设计\", \"地理与环境工程\", \"师范硕士\", \"哲学博士\", \"特殊教育硕士\", \"咨询硕士-学校咨询项目\", \"教育硕士\", \"音乐学\", \"作曲\", \"音乐教育\", \"音乐理论\", \"吉他\", \"钢琴\", \"打击乐\", \"竖琴\", \"弦乐\", \"声乐\", \"铜管乐器\", \"室内音乐\", \"电脑音乐\", \"指挥\", \"早期音乐\", \"声乐伴奏\", \"爵士\", \"歌剧\", \"风琴\", \"录音艺术与科学\", \"木管乐器\", \"博士项目\", \"文学硕士\", \"国际事务硕士\", \"国际研究硕士\", \"国际经济与金融硕士\", \"全球政策硕士\", \"国际公共政策硕士\"]', '$53,740', '$14,246');
INSERT INTO `sais_college` VALUES (14, '纽约大学', 'New York University', 'US', '纽约州', 43, 33.40, 'USNews美国', 30, '[\"法学院专业\", \"教育学院专业\", \"商学院专业\", \"医学院专业\"]', 'niuyuedaxue.png', '纽约大学成立于1831年，是一所位于美国纽约市曼哈顿的私立研究型综合大学，主要的校区都位于纽约市曼哈顿格林威治村，以华盛顿广场为中心，提供本科、硕士、博士、职业文凭、副学士、文凭课程，六种学位类型。纽约大学目前拥有34名诺贝尔奖得主，3名阿贝尔奖得主，9名美国国家科学奖章得主，16名普利策奖得主，19名奥斯卡金像奖得主（全美大学中最多）。此外，还拥有多名艾美奖、托尼奖、麦克阿瑟奖、古根海姆奖得主。', 49274, 26417, 24289, 10.00, 15.00, 0.00, '11月1日', '1月1日', '', 3.70, 1250, 100.00, 6.00, 100.00, '[\"申请表\", \"推荐信\", \"申请费\", \"TOEFL/IELTS成绩\", \"中学学校报告，含成绩单\", \"SAT/ACT+写作成绩\", \"纽约大学补充写作\"]', '[\"推荐信\", \"申请费\", \"个人陈述\", \"GRE/GMAT成绩\", \"TOEFL/IELTS成绩\", \"本科成绩单\"]', '[\"电气工程\", \"计算机工程\", \"人类学\", \"历史\", \"美术\", \"金融数学\", \"计算机科学\", \"环境工程\", \"政治学\", \"土木工程\", \"化学\", \"经济学\", \"英语\", \"数学\", \"音乐\", \"哲学\", \"物理\", \"社会学\", \"神经科学\", \"航空航天工程\", \"生物学\", \"生物医学工程\", \"化学工程\", \"环境科学\", \"机械工程\", \"管理学\", \"会计\", \"市场营销\", \"新闻学\", \"语言学\", \"护理学\", \"心理学\", \"计算生物学\", \"微生物学\", \"神经生物学\", \"临床心理学\", \"法学\", \"应用物理学\", \"创意写作\", \"工业工程\", \"金融工程硕士\", \"植物学\", \"细胞与分子生物学\", \"牙医\", \"基础医学\", \"信息系统\", \"发展心理学\", \"社会心理学\", \"表演\", \"分子遗传学\", \"电影\", \"网络安全\", \"数据科学\", \"分子药理学与毒理学\", \"游戏设计\", \"制造工程\", \"天体物理学和宇宙学\", \"临床研究\", \"微生物学与免疫学\", \"组织行为学\", \"系统工程\", \"生物材料\", \"生物医学信息学\", \"口腔生物学\", \"干细胞生物学\", \"分子生物物理学\", \"编剧\", \"大气海洋科学\", \"生物信息学和计算生物学\", \"癌症与细胞生物学\", \"发育遗传学\", \"基因组学与系统生物学\", \"一般生物学\", \"应用基因重组技术\", \"建设管理\", \"城市系统工程与管理\", \"应用城市科学与信息学\", \"信息、运营和管理科学\", \"生物医学成像\", \"免疫学与感染\", \"神经科学与生理学\", \"布景设计\", \"音乐剧编剧\", \"表演研究\"]', '$51,828', '$18,156');
INSERT INTO `sais_college` VALUES (15, '威斯康辛大学麦迪逊分校', 'University of Wisconsin-Madison', 'US', '威斯康辛州', 53, 49.20, 'USNews美国', 49, '[\"传播学\", \"社会学\", \"环境科学\", \"\"]', 'University_of_Wisconsin-Madison.png', '威斯康辛大学麦迪逊分校，缩写为UWM，是一所大型公立综合性全国大学，也是威斯康辛大学系统成员之一。它在生命生物科学方面世界领先，在与之配套的化学，化工等理工科学方面亦跻身世界学术界尖端。其中詹姆斯·汤姆森是成功分离胚胎干细胞的先进科学家。', 43389, 29580, 13809, 17.00, 7.00, 0.00, '11月1日', '2月1日', '', 3.70, 1290, 95.00, 3.00, 92.00, '[\"申请表\", \"推荐信\", \"SAT/ACT成绩单\", \"申请费\", \"资金证明\", \"ESSAY\", \"高中成绩单\"]', '[\"gpa\", \"申请表\", \"推荐信\", \"GRE/GMAT成绩\", \"TOEFL/IELTS成绩\", \"正规大学本科毕业\", \"申请费75美元\"]', '[\"市场营销\", \"金融与投行\", \"证券分析\", \"艺术管理\", \"品牌与产品管理\", \"会计-税务方向\", \"会计硕士本硕连读项目\", \"房地产专业\", \"金融-应用安全分析方向\", \"整合会计\", \"电气工程\", \"土木与环境工程\", \"生物医学工程\", \"化学工程\", \"材料工程\", \"机械工程\", \"工程力学\", \"生物系统工程\", \"地质工程\", \"工业工程\", \"核工程与工程物理\", \"引擎系统\", \"工程实践\", \"可持续系统工程\", \"工程技术（日本）\", \"聚合物工程与科学\", \"环境化学与技术\", \"淡水与海洋工程\", \"制造系统工程\", \"材料科学\", \"人机交互\", \"人类学\", \"无机化学\", \"天体物理\", \"比较文学\", \"数学\", \"物理\", \"社会学\", \"等离子物理\", \"水文学\", \"天文学\", \"听力学\", \"戏剧研究\", \"地球物理\", \"地理\", \"语言学\", \"计算生物学\", \"临床心理学\", \"流行病学\", \"服装设计\", \"生物统计学\", \"凝聚态物理\", \"生物物理学\", \"创意写作\", \"化学生物学\", \"植物学\", \"动物学\", \"弦理论\", \"原子、分子和光学物理\", \"宇宙学\", \"基本粒子物理学\", \"中微子物理\", \"超导体研究\", \"医学物理\", \"核物理\", \"量子计算\", \"光谱学\", \"分析化学\", \"材料化学\", \"有机化学\", \"物理化学\", \"天体生物学\", \"经济地质学\", \"地球物理勘探\", \"工程地球物理\", \"地磁学\", \"地球化学\", \"地质年代学\", \"大地测量\", \"地质微生物学\", \"火成岩岩石学\", \"变质岩石学\", \"微生物地球科学\", \"矿物学\", \"纳米地球科学\", \"古气候想\", \"古生物学\", \"石油地质\", \"岩石物理\", \"沉积学与地层学\", \"地震学\", \"构造地质学和大地构造学\", \"构造地球科学\", \"人工智能\", \"计算机架构\", \"计算机图形\", \"计算机网络\", \"计算机安全\", \"数据库系统\", \"多线程\", \"数字分析\", \"算法优化\", \"性能分析\", \"编程语言与编译器\", \"系统研究\", \"理论计算机科学\", \"组织与修辞\", \"英语语言与文学\", \"文学研究\", \"传播艺术\", \"应用统计学\", \"基因统计学\", \"计算生物学\", \"非线性回归\", \"统计计算\", \"图像分析\", \"序列分析\", \"生物医学基因组学\", \"大数据分析\", \"环境统计学\", \"生物心理\", \"认知与认知神经科学\", \"成长心理学\", \"感知心理学\", \"社会人格心理学\", \"计量经济学\", \"产业组织分析\", \"国际经济学\", \"劳动经济学\", \"宏观经济学与货币经济学\", \"微观经济学理论\", \"公共经济学\", \"戏剧与戏曲\", \"导演\", \"灯光设计\", \"舞台设计\", \"舞台技术\", \"天气学\", \"气候与气候变化\", \"大型动态\", \"辐射测量与遥感\", \"云和大气物理学\", \"海洋学\", \"地理制图与地理信息系统\", \"生物化学\", \"农业与应用经济学\", \"农学\", \"动物科学\", \"生物系统工程\", \"乳业科学\", \"昆虫学\", \"遗传学\", \"园艺学\", \"景观设计\", \"营养科学\", \"土壤科学\", \"城市与区域规划\", \"细菌学\", \"社区与环境社会学\", \"林业与野生生态学\", \"生命传播\", \"植物生理学\", \"人类发展\", \"运动学\", \"特殊教育\", \"学校心理学\", \"康复心理学\", \"浮雕印刷\", \"丝网印刷\", \"凹板印刷\", \"平版印刷\", \"数字版画\", \"心理咨询\", \"课程与教学\", \"学习科学\", \"计量方法\", \"教育政策研究\", \"教育领导与政策分析\", \"法学\", \"LLM项目\", \"社会工作\", \"社会福利\", \"社会福利博士\", \"神经科学\", \"免疫学\", \"细胞与分子生物学\", \"基因组学\", \"传染病\", \"医疗技术\", \"肿瘤科\", \"病理\", \"药理学与毒理学\", \"生理\", \"病毒学\", \"MS & PhD\", \"生物化学\", \"生物技术\", \"流行病学\", \"临床医学\", \"科学、医学与技术史\", \"细胞与分子生物学\", \"细胞与分子病理学\", \"临床观察\", \"内分泌学与生殖生理学\", \"遗传咨询\", \"医学物理\", \"微生物学博士培训项目\", \"分子与细胞药理学\", \"分子与环境毒理学\", \"神经科学培训项目\", \"生理学\", \"人口卫生\", \"物理疗法\", \"医师助理\", \"基础医学\", \"生物医学科学\", \"PhD项目\", \"作曲\", \"音乐教育\", \"课程与教学\", \"吉他\", \"钢琴\", \"竖琴\", \"弦乐\", \"声乐\", \"爵士乐\", \"合唱指挥\", \"铜管乐器\", \"风琴\", \"木管乐器\", \"民族音乐学\", \"钢琴演奏与教学法\", \"钢琴合奏\", \"音乐史\", \"管乐指挥\", \"乐团指挥\", \"打击乐器\", \"多木管乐器\", \"古典音乐学\", \"弦乐发展\", \"水资源管理\", \"环境保护\", \"环境与资源\"]', '$32,685.94', '$10,046');
INSERT INTO `sais_college` VALUES (16, '佐治亚理工学院', 'Georgia Institute of Technology', 'US', '佐治亚州', 69, 25.00, 'USNews美国', 35, '[\"计算机科学与技术 工程 商科\"]', 'Georgia_Institute_of_Technology.png', '佐治亚理工学院（Georgia Institute of Technology，简称Georgia Tech，也常缩写为Gatech），成立于1885年，位于美国佐治亚州首府亚特兰大市，与艾茉莉大学同处一个城市。原名为佐治亚技术学校，1948年，为了体现学校正在向发展并着重于高等科技和科学研究型大学的方向，佐治亚技术学校更名为佐治亚理工学院。与其他有着类似命名的高等学府（如麻省理工学院与加州理工学院)不同，佐治亚理工学院是一所公立大学。\r\n\r\n佐治亚理工学院是美国三大理工学院之一，有“南部MIT”的美名。工程学院尤为著名，在美国新闻与世界报道给出的2013年研究生院排名上，佐治亚理工学院的工程学院连续四年名列第四，仅次于麻省理工学院，斯坦福大学和加州大学伯克利分校。\r\n\r\n除亚特兰大的主校区外，还在佐治亚萨凡纳市（Savannah）、法国梅斯（Metz）、爱尔兰阿斯隆（Athlone）、上海及新加坡都有设有教学点。', 23109, 14682, 8479, 19.00, 10.00, 0.00, '', '1月1日', '', 3.80, 1400, 95.00, 6.00, 95.00, '[\"资金证明\", \"高中成绩单\", \"推荐信：1封\", \"申请费：$65\", \"ESSAY两篇\", \"SAT/ACT成绩：必需SAT或ACT+Writing成绩\"]', '[\"申请表\", \"TOEFL成绩单\", \"成绩单\", \"推荐信：3封\", \"GRE成绩单\", \"申请费：$85\"]', '[\"人机交互\", \"生物信息学\", \"生物工程\", \"统计学\", \"分析硕士\", \"计算科学与工程\", \"机器人学\", \"造纸科学与工程\", \"算法组合与优化\", \"定量生物科学\", \"海洋科学与工程\", \"计量与计算金融\", \"机器学习博士\", \"建筑学\", \"音乐\", \"建筑工程\", \"城市与区域规划\", \"工业设计\", \"MBA项目\", \"PhD项目\", \"化学\", \"数学\", \"物理\", \"心理学\", \"生物学\", \"假肢与矫形\", \"应用生理学\", \"地球与大气科学\", \"土木与环境工程\", \"航空航天工程\", \"生物医学工程\", \"化学工程\", \"机械工程\", \"电气与计算机工程\", \"材料科学与工程\", \"医学物理\", \"工业与系统工程\", \"应用系统工程\", \"核与放射工程\", \"应用系统工程\", \"数字媒体\", \"经济学\", \"公共政策\", \"国际事务\", \"科学技术历史与社会学\", \"公共政策\", \"公共政策\", \"人本计算\", \"信息安全\"]', '$32,404', '$11,148');
INSERT INTO `sais_college` VALUES (17, '格拉斯哥大学', 'University of Glasgow', 'UK', '苏格兰', 69, 13.60, '泰晤士报英国', 17, '[\"临床医学，心理学与神经科学，农学\", \"兽医与食品科学\"]', 'University_of_Glasgow.png', '格拉斯哥大学（University of Glasgow）是英国一所大型公立综合性大学，成立于1451年，位于苏格兰格拉斯哥市市区，属罗素大学集团，是英语世界第四古老的大学（次于牛津大学、剑桥大学和圣安德鲁斯大学），也是苏格兰四所古典大学之一。格拉斯哥大学是英国最是久负盛名的高等学府之一，其排名、教学质量和科研实力常年位居英国前十。在2009年英国的一项有关教学质量和科研实力的评估中，格拉斯哥大学都位居英国前十。按2014年英国政府公布的卓越研究框架（Research Excellence Framework），格拉斯哥大学整体科研质量位居全英第12位，其临床医学，心理学与神经科学，农学、兽医与食品科学，建筑学、建筑环境与规划，英语语言与文学，历史，传媒、图书馆与信息管理，这7个专业领域均有至少40%的课题项目被评为4分（world-leadin），80%被评为3分（internationally excellent）以上。', 27390, 16810, 5750, 4.20, 16.10, 48.40, '', '6月30日', '', 6.00, 9999, 6.50, 6.00, 6.50, '[\"高中成绩单\", \"本科成绩单\", \"高考成绩单\", \"语言成绩单\", \"高中毕业证\", \"工作证明/实习证明\", \"荣誉证明\", \"护照扫描件\"]', '[\"本科成绩单\", \"语言成绩单\", \"在读证明/毕业证明\", \"工作证明/实习证明\", \"荣誉证明\", \"护照扫描件\", \"个人陈述：一般是1封\", \"推荐信：2封\", \"个人简历：一般不需要\", \"研究计划\"]', '[\"批判研究学院\", \"文化与创意艺术学院\", \"人文学院\", \"现代语言与文化学院\", \"生命科学学院\", \"医学院\", \"兽医学院\", \"牙医学院\", \"化学学院\", \"计算机科学学院\", \"工程学院\", \"地理与地球科学学院\", \"数学与统计学学院\", \"物理学与天文学学院\", \"心理学学院\", \"亚当斯密商学院\", \"教育学院\", \"跨学科研究学院\", \"法学院\", \"社会与政治科学学院\"]', '£14,200', '£11,500');
INSERT INTO `sais_college` VALUES (18, '伊利诺大学香槟分校', 'University of Illinois at Urbana-Champaign', 'US', '美国伊利诺伊州厄巴纳-香槟市', 71, 65.60, 'USNews美国', 46, '[]', 'University_of_Illinois_at_Urbana-Champaign.png', '伊利诺伊大学厄本那-香槟分校（University of Illinois at Urbana-Champaign，缩写UIUC），公立常春藤之一，位于美国伊利诺伊州的厄本那和香槟市，成立于1867年，是伊利诺伊大学系统的旗舰学校，美国最负盛名的公立大学之一，尤以理工著称。伊利诺伊大学厄本那-香槟分校是美国体育赛事联盟十大联盟（Big Ten）的创始会员，也是美国大学协会的六十个成员之一。', 43603, 32579, 11024, 18.00, 16.90, 24.90, '11月1日', '12月1日', '', 3.32, 1380, 101.00, 3.00, 79.00, '[\"TOEFL/IELTS成绩单\", \"申请费：$75\", \"SAT/ACT成绩\", \"学校官网申请表\", \"ESSAY：2篇\", \"中学成绩单\", \"A-Level、O-Level/GCSE等证书\", \"课外活动/荣誉/获奖情况\"]', '[\"申请表\", \"个人陈述\", \"资金证明\", \"TOEFL/IELTS成绩\", \"申请费：90美元\", \"成绩单\", \"GRE/GMAT/MAT/MCAT成绩\", \"三封推荐信\", \"预防接种证明\"]', '[\"金融硕士\", \"金融工程硕士\", \"会计硕士\", \"工商管理博士\", \"技术管理硕士\", \"EMBA项目\", \"税务硕士\", \"全日制MBA项目\", \"非全日制MBA项目\", \"工商管理硕士-国际管理方向\", \"战略品牌传播硕士\", \"会计科学硕士\", \"会计博士\", \"金融博士\", \"计算机科学\", \"土木与环境工程\", \"物理\", \"航空航天工程\", \"机械工程\", \"核工程\", \"生物工程\", \"电气与计算机工程\", \"材料科学与工程\", \"化学与生物分子工程\", \"工业与系统工程\", \"农业与生物工程\", \"广告学硕士\", \"新闻学硕士\", \"传播与媒体研究博士\", \"化学\", \"经济学\", \"英语\", \"数学\", \"物理\", \"心理学\", \"生物学\", \"地质学\", \"天文学\", \"语言学\", \"化学与生物分子工程\", \"大气科学\", \"分子与细胞生物学\", \"统计学\", \"笔译与口译\", \"地理与地理信息系统\", \"动物科学\", \"食品科学\", \"营养科学\", \"自然资源与环境\", \"农业与生物工程\", \"农业与消费经济学\", \"作物科学\", \"人与社区发展\", \"公共卫生硕士\", \"言语与听力科学\", \"休闲、体育与旅游\", \"运动学与社区卫生\", \"教育心理学\", \"特殊教育\", \"课程与教学\", \"教育政策\", \"病理生物学\", \"比较生物学\", \"社会工作硕士\", \"建筑学\", \"音乐\", \"戏剧\", \"舞蹈\", \"景观设计\", \"城市与区域规划\", \"艺术与设计\", \"LLM项目\", \"JD项目\", \"生物信息学\", \"图书馆与信息科学\", \"信息管理硕士\"]', '', '');
INSERT INTO `sais_college` VALUES (19, '伯明翰大学', 'University of Birmingham', 'UK', '英格兰', 79, 42.60, '泰晤士报英国', 14, '[\"酒店管理\", \"运动科学\", \"中东与非洲研究\"]', 'University_of_Birmingham.png', '伯明翰大学(University of Birmingham)，位于英格兰的伯明翰市，是英国历史上著名的“红砖”大学之一。目前是罗素大学集团成员之一，同时也是是国际大学组织Universitas 21的创始会员，并担任该组织秘书长之职。 伯明翰大学、是英国最著名的大学之一，是英国最好、校园规模最大的老牌名校，伯明翰大学优异的教学和科研在世界各地都享有极高的声誉。伯明翰大学位于英国的第二大城市伯明翰。伯明翰大学现在是世界知名的顶尖学府之一，学院最初的研究目标以科学，工业及工程为主，经过一个世纪的发展，学校现在已经发展成为以学术为导向的综合性大学，研究的目标也延伸至各个领域并展现杰出的研究成果，成为世界级的研究型大学。', 32335, 18140, 7845, 4.90, 9.00, 5.90, '', '6月30日', '', 6.00, 9999, 6.00, 6.00, 6.00, '[\"高中成绩单\", \"高中毕业证\", \"语言成绩单\", \"工作证明/实习证明\", \"荣誉证明\", \"护照扫描件\", \"高考成绩单\", \"本科成绩单\"]', '[\"本科成绩单\", \"语言成绩单\", \"研究计划\", \"在读证明/毕业证明\", \"工作证明/实习证明\", \"荣誉证明\", \"护照扫描件\", \"个人陈述：5,000字\", \"推荐信：1-2封\"]', '[\"英语\", \"戏剧\", \"北美研究\", \"历史与文化\", \"语言与文化\", \"艺术史与音乐\", \"法学\", \"哲学神学与宗教\", \"化学\", \"化学工程\", \"土木工程\", \"计算机科学\", \"电气与计算机工程\", \"数学\", \"机械工程\", \"材料科学\", \"物理与天文\", \"生物科学\", \"地理\", \"地球与环境科学\", \"心理学\", \"体育与运动科学\", \"癌症科学\", \"临床与实验医学\", \"牙医\", \"健康与人口科学\", \"免疫与感染\", \"商学院\", \"教育\", \"政府与社会\", \"社会政策\"]', '￡13,195', '￡10,794');
INSERT INTO `sais_college` VALUES (20, '北卡罗来纳大学教堂山分校', 'University of North Carolina at Chapel Hill', 'US', '北卡罗来纳州', 83, 29.70, 'USNews美国', 30, '[\"临床医学\", \"护理专业\", \"生命科学与社会科学\"]', 'beikaluolainai.png', '北卡罗来纳大学教堂山分校是一所男女同校的公立研究型大学，位于美国北卡罗来纳州教堂山大学城。该大学是北卡罗来纳大学系统最古老的教育机构也是北卡罗来纳州面积第二大的大学。虽然不是第一间被特许的公立大学，却是第一个在十八世纪对外招生的学校，也是唯一有研究生的公立学府。北卡罗来纳大学教堂山分校是被列入公立常春藤的最初几所大学之一，且是北卡罗来纳州大学系统的旗舰机构。\r\n北卡罗来纳大学教堂山分校有243,000名校友遍布全国所有50个州和世界上146个国家。美国国家篮球协会（NBA）前球员，被公认为美国篮球史上最伟大的球员之一的篮球大帝麦可·乔登和美国前总统，美国民主党人詹姆斯·诺克斯·波尔克就是毕业于该校。', 29084, 18415, 10669, 13.00, 3.00, 0.00, '10月15日', '1月15日', '', 3.90, 1260, 100.00, 6.00, 100.00, '[\"申请表\", \"SAT/ACT成绩单\", \"申请费\", \"资金证明\", \"TOEFL/IELTS成绩\", \"ESSAY\", \"高中成绩单\", \"学校报告\"]', '[\"申请表\", \"申请费\", \"个人陈述\", \"个人简历\", \"GRE/GMAT成绩\", \"成绩单\", \"资金证明\", \"TOEFL/IELTS成绩\", \"三封推荐信\"]', '[\"人类学\", \"历史\", \"卫生政策与管理\", \"生物化学\", \"无机化学\", \"计算机科学\", \"美国研究\", \"环境科学与工程\", \"大众传播\", \"政治学\", \"化学\", \"古典文学\", \"比较文学\", \"经济学\", \"英语\", \"数学\", \"哲学\", \"心理学\", \"社会学\", \"宗教学\", \"公共政策\", \"生物学\", \"生物医学工程\", \"地质学\", \"应用数学\", \"会计\", \"金融\", \"市场营销\", \"听力学\", \"语言病理学\", \"艺术史\", \"工作室艺术\", \"地理\", \"语言学\", \"生态学\", \"神经生物学\", \"生物统计学\", \"临床心理学\", \"流行病学\", \"营养学\", \"计算物理\", \"法学\", \"运动学\", \"护理\", \"传播学\", \"细胞与发育生物学\", \"海洋科学\", \"植物学\", \"城市与区域规划\", \"统计学\", \"核物理\", \"课程与教学\", \"分析化学\", \"有机化学\", \"物理化学\", \"地震学\", \"药理学\", \"成长心理学\", \"牙医\", \"软件工程\", \"物理疗法\", \"女性与性别研究\", \"教育学\", \"公共管理\", \"行为神经科学\", \"认知心理学\", \"社会心理学\", \"传播研究\", \"职业疗法\", \"全球研究\", \"遗传学与分子生物学\", \"微生物学与免疫学\", \"运营管理\", \"机器人学\", \"言语与听力科学\", \"口腔生物学\", \"理论物理\", \"毒理学\", \"天文学与天文物理学\", \"浪漫语言与文学\", \"临床实验科学\", \"俄罗斯与东欧研究\", \"细胞与分子生理学\", \"计量心理学\", \"地理信息系统\", \"代数\", \"日耳曼与斯拉夫语言文学\", \"动物行为学\", \"细胞生物学\", \"发育生物学\", \"进化生物学\", \"高分子与材料化学\", \"生物信息与计算生物学\", \"服装制作\", \"分析数学\", \"音乐系\", \"生物与医学物理\", \"凝聚物理与材料\", \"企业战略\", \"健康行为科学\", \"遗传学与分子生物学\", \"分子与细胞病理学\", \"放射学\"]', '$34,938', '$11,190');
INSERT INTO `sais_college` VALUES (21, '莱斯大学', 'Rice University', 'US', '德克萨斯州', 87, 0.00, 'USNews美国', 16, '[]', 'Rice_University.png', '莱斯大学（William Marsh Rice University或Rice）成立于1891年，由美国商人William Marsh Rice的遗产捐赠创立而成的，因此，学校也以其本人命名。学校位于德克萨斯州的休斯敦市，是德州的第一大城，也是全美第四大城，是墨西哥湾沿岸最大的经济中心。学校占地295英亩，是一所中等大小的私立综合性全国大学，是美国最著名的大学之一，素有“南方常春藤”之称。', 6623, 3879, 2744, 6.00, 12.00, 12.00, '2月1日', '1月1日', '', 6.00, 1470, 100.00, 6.00, 90.00, '[]', '[]', '[\"历史\", \"英语\", \"哲学\", \"艺术史\", \"语言学\", \"宗教研究\", \"人类学\", \"政治学\", \"经济学\", \"心理学\", \"社会学\", \"社会学\", \"国际事务硕士\", \"MBA项目\", \"PhD项目\", \"会计硕士\", \"化学\", \"地球科学\", \"数学\", \"生物科学\", \"物理与天文学\", \"生态与进化生物学\", \"生物化学与细胞生物学\", \"天文物理与天文学\", \"计算机科学\", \"土木与环境工程\", \"机械工程\", \"生物工程\", \"电气与计算机工程\", \"化学与生物分子工程\", \"统计学\", \"统计学\", \"计算科学与工程\", \"计算与应用数学\", \"材料科学与纳米工程\", \"建筑学\", \"音乐\", \"音乐学\", \"通识教育硕士\", \"中学师范教育\"]', '', '');
INSERT INTO `sais_college` VALUES (22, '利兹大学', 'University of Leeds', 'UK', '英格兰', 93, 12.00, '泰晤士报英国', 11, '[\"应用数学，统计学，天体物理，化学，食品科学\"]', 'The_University_of_Leeds.png', '利兹大学（University of Leeds）位于英格兰西约克郡的利兹市，成立于1874年，是罗素大学集团成员之一，也是红砖大学之一。利兹大学的前身是约克郡理工学院（Yorkshire College of Science），或称约克郡学院（Yorkshire College），后与利兹医学院合并成为了联邦维多利亚大学（曼彻斯特大学前身）和利物浦大学学院（利物浦大学前身）的一部分。1904年，获英国皇家宪章正式获得独立的大学地位并更名为利兹大学。', 30975, 2320, 4950, 4.30, 8.50, 64.90, '', '1月15日', '', 6.00, 9999, 6.00, 6.00, 6.50, '[\"面试\", \"补充申请材料\", \"UCAS在线申请表\", \"A-level或IB课程成绩等\"]', '[\"申请表\", \"面试\", \"预选课程\"]', '[\"经济学\", \"管理学\", \"物流管理\", \"人力资源管理\", \"金融\", \"研究型项目\", \"MBA\", \"信息系统与管理\", \"广告与市场营销\", \"商业分析与国际贸易\", \"组织行为学与心理学\", \"计算机科学\", \"土木工程\", \"化学工程\", \"机械工程\", \"CDT项目\", \"电气与电子工程\", \"环境科学\", \"其它专业\", \"地理信息系统\", \"交通规划\", \"化学\", \"数学\", \"物理\", \"食品科学\", \"统计学\", \"英语文学\", \"其他专业\", \"翻译\", \"生物科学\", \"设计\", \"艺术管理\", \"其它专业\", \"媒体与传播\", \"其他专业\", \"研究型项目\", \"对外英语教学\", \"心理学\", \"公共卫生\", \"牙医\", \"医学\", \"其他专业\"]', '￡20 -￡30', '￡10 -￡20');
INSERT INTO `sais_college` VALUES (23, '加州大学戴维斯分校', 'University of California, Davis', 'US', '加利福尼亚州', 100, 38.20, 'USNews美国', 38, '[\"计算机科学\", \"土木与环境工程\", \"建筑学\"]', 'UCD.png', '加州大学戴维斯分校（University of California,Davis，简称UC Davis，有时也缩写为UCD）成立于1905年，位于美国西部小城戴维斯（Davis,CA），是一所大型公立综合性全国大学，下设校设10个学院， 以管理、法律、健康科学、社会科学、人文及艺术等科系著称，同时也是世界环境科学、农业和可持续发展的研究和教育中心。', 36104, 28384, 7720, 17.00, 8.00, 0.00, '5月17日', '11月30日', '', 3.70, 1140, 80.00, 3.00, 80.00, '[\"SAT/ACT成绩单\", \"高中成绩单\", \"申请费：$80\", \"ESSAY两篇\", \"通过UC系统申请\", \"推荐信：不需要\", \"资金证明：申请时无需递交，但录取之后需要\"]', '[\"申请表\", \"个人陈述\", \"GRE/GMAT成绩\", \"TOEFL/IELTS成绩\", \"申请费：$125\"]', '[\"MA项目\", \"商业分析硕士\", \"健康信息科学硕士\", \"助理医师\", \"其它专业\", \"LLM项目\", \"机械与航空航天工程\"]', '$40,728', '$14,838');
INSERT INTO `sais_college` VALUES (24, '加州大学圣塔芭芭拉分校', 'University of California,Santa Barbara', 'US', '加利福尼亚州', 132, 32.70, 'USNews美国', 30, '[\"材料科学\", \"化学工程\", \"计算机科学\", \"电气与计算机工程\", \"机械工程\", \"物理学\"]', 'University_of_California_Santa_Barbara.png', '加州大学圣塔芭芭拉分校是一所成立于1909年位于美国西部小城圣塔芭芭拉的大型公立综合性全国大学，亦是加州大学系统10个成员之一。其前身是一所师范院校，后于1944年加入加州大学系统，成为第三历史最古老大学成员。加州大学圣塔芭芭拉分校属美国公立常春藤之一，是一所综合性大学，提供本、硕、博三种学位类型。\r\n加州大学圣塔芭芭拉分校的学术研究气氛浓郁：自1998年以来，已荣膺6个诺贝尔奖，以及具有里程碑意义的菲尔茨奖。此外UCSB的现职教授中还有27位美国科学院院士，27位美国工程院院士以及21位艺术与科学学院院士。', 23497, 20607, 2890, 18.00, 7.00, 0.00, '', '11月30日', '', 3.40, 1220, 80.00, 6.00, 80.00, '[\"SAT/ACT成绩单\", \"申请费\", \"TOEFL/IELTS成绩\", \"高中成绩单\", \"ESSAY两篇\"]', '[\"申请表\", \"推荐信\", \"申请费\", \"个人陈述\", \"个人简历\", \"GRE/GMAT成绩\", \"成绩单\", \"TOEFL/IELTS成绩\"]', '[\"人类学\", \"历史\", \"古典文学\", \"比较文学\", \"经济学\", \"英语\", \"地球科学\", \"数学\", \"音乐\", \"哲学\", \"物理\", \"社会学\", \"宗教学\", \"传播学\", \"应用数学\", \"戏剧研究\", \"亚洲研究\", \"语言学\", \"化学与生物化学\", \"艺术\", \"政治\", \"海洋科学\", \"统计学\", \"国际关系\", \"艺术与建筑史\", \"电影与媒体研究\", \"心理学与脑科学\", \"拉美裔和墨裔美国人研究\", \"动态神经科学\", \"东亚语言与文化研究\", \"生态学、进化和海洋生物学\", \"女性主义研究\", \"拉丁美洲和伊比利亚研究\", \"媒体艺术与技术\", \"分子，细胞与发育生物学\", \"统计学与概率\", \"计算机科学\", \"化学工程\", \"材料工程\", \"机械工程\", \"电气与计算机工程\", \"计算科学与工程\", \"生物分子科学与工程\", \"环境科学与管理\", \"临床心理学\", \"学校心理学\", \"心理咨询\", \"教育学\", \"初等师范教育\", \"中等师范教育\", \"教育专家\"]', '$41,562', '$15,273');
INSERT INTO `sais_college` VALUES (25, '帝国理工学院', 'Imperial College London', 'UK', '英格兰', 8, 0.00, '泰晤士报英国', 4, '[\"纯数学\", \"电脑科学\", \"化学工程\", \"土木工程\"]', 'Imperial_College_London.png', '帝国理工学院（Imperial College London，缩写IC）全称帝国科学、技术和医学学院（The Imperial College of Science, Technology and Medicine），亦作伦敦帝国学院，简称帝国理工，是一所大型公立综合性大学，成立于1907年，位于伦敦市区，属罗素大学集团。\r\n帝国理工学院曾是伦敦大学系统的成员之一，前身是位于伦敦的多所皇家学院，包括皇家科学院（Royal College of Science）、皇家化学院（Royal College of Chemistry）、皇家矿业学院（Royal School of Mines）以及帝国学院（Imperial Institute）等，于1907年合并创建并作为伦敦大学的成员，同年获得皇家宪章（Royal Charter），由国王爱德华七世颁发。2007年正式推出伦敦大学系统，开始颁发自己的学位', 16225, 8885, 5895, 4.00, 39.70, 53.90, '6月30日', '', '', 6.00, 9999, 6.50, 6.00, 6.50, '[\"语言成绩单\", \"护照扫描件\", \"高中成绩单\", \"本科成绩单\", \"高中毕业证\", \"工作证明/实习证明\", \"荣誉证明\", \"高考成绩单\"]', '[\"个人陈述\", \"语言成绩单\", \"护照扫描件\", \"荣誉证明\", \"工作证明/实习证明\", \"在读证明/毕业证明\", \"本科成绩单\", \"2封推荐信\", \"研究计划\"]', '[\"计算机科学\", \"土木与环境工程\", \"航空航天工程\", \"化学工程\", \"机械工程\", \"生物工程\", \"材料科学与工程\", \"系统工程与创新\", \"电气与电子工程\", \"设计工程\", \"地球科学与工程\", \"管理学\", \"商业分析\", \"会计\", \"金融\", \"MBA项目\", \"PhD项目\", \"创新与企业管理\", \"风险管理与金融工程\", \"战略市场营销\", \"商业经济与战略\", \"国际医疗管理\", \"神经科学\", \"免疫学\", \"公共卫生\", \"生物医学\", \"PhD项目\", \"其他专业\", \"食品科学与人类营养学\", \"实验分子医学\", \"分子生物学与病毒病理学\", \"生物信息学\", \"生物技术\", \"化学\", \"数学\", \"物理\", \"分子与细胞生物学\", \"其他专业\", \"环境技术\"]', '￡23,500-￡36,400', '￡15,236-￡15,912');
INSERT INTO `sais_college` VALUES (26, '牛津大学', 'University of Oxford', 'UK', '英格兰', 5, 0.00, '泰晤士报英国', 2, '[\"固体物理\", \"高磁学\", \"激光研究\", \"基本粒子研究\"]', 'University_of_Oxford.png', '牛津大学（University of Oxford）是英国一所著名的公立研究型大学，坐落在英格兰东南部的牛津市，确切成立的年份已不可考，最早的授课记录是1096年。牛津大学是现存世界上第二古老的高等学府，仅次于意大利的博洛尼亚大学，自1167年英王亨利二世禁止英格兰学生前往巴黎大学求学以来便获得了长足的发展。\r\n\r\n牛津大学是世界上最负盛誉、历史最为悠久的高等学校之一，以其为蓝本，在世界上建立的大学不可胜数。1209年，因与牛津本地居民的一次争吵，部分牛津师生离开了牛津，向其东北部迁移，并在当地建立了一所大学——也就是今日与牛津齐名的剑桥大学，二者合成“牛剑（Oxbridge）”', 25905, 11380, 7515, 4.00, 12.30, 56.50, '10月15日', '', '', 6.00, 9999, 7.00, 4.00, 7.00, '[\"高中成绩单\", \"语言成绩单\", \"护照扫描件\", \"高考成绩单\", \"本科成绩单\", \"高中毕业证\", \"工作证明/实习证明\", \"荣誉证明\", \"个人作品\"]', '[\"语言成绩单\", \"护照扫描件\", \"工作证明/实习证明\", \"荣誉证明\", \"在读证明/毕业证明\", \"本科成绩单\", \"个人陈述/研究计划\", \"3封推荐信\", \"1封个人简历\", \"资金证明\"]', '[\"电气工程\", \"土木工程\", \"生物医学工程\", \"化学工程\", \"机械工程\", \"能源工程\", \"自主智能设备与系统\", \"信息、控制与视觉\", \"MBA项目\", \"金融经济学硕士\", \"音乐\", \"艺术\", \"其他专业\", \"英语语言文学\", \"生物化学\", \"神经科学\", \"临床医学\", \"病理学\", \"药理学\", \"人口卫生\", \"实验心理学（认知、大脑与行为）\", \"其他专业\", \"医学科学\", \"临床神经科学\", \"生理、解剖与遗传\", \"计算机科学\", \"化学\", \"地球科学\", \"数学\", \"物理\", \"统计学\", \"动物学\", \"材料科学\", \"植物科学\", \"经济学\", \"教育学\", \"其他专业\"]', '￡14,845-￡21,855', '￡11,408');
INSERT INTO `sais_college` VALUES (27, '哈佛大学', 'Harvard University', 'US', '马萨诸塞州', 3, 6.00, 'USNews美国', 2, '[\"电气工程\", \"建筑\", \"计算机科学\"]', 'Harvard_University.png', '哈佛大学（Harvard University）成立于1636年，是北美第一所，也是英语世界第六所高等学府，位于美国东部小城剑桥市，临近波士顿，是美国八所常春藤盟校之一，被誉为是世界高等学府的典范。', 10803, 6700, 14500, 6.00, 12.00, 0.00, '12月15日', '', '', 3.80, 1490, 100.00, 3.00, 80.00, '[\"申请表\", \"哈佛补充申请表\", \"75美金申请费\", \"SAT/ACT+Writing成绩\", \"2门SATⅡ考试成绩\", \"学校报告与高中成绩单\", \"2封教师推荐信\", \"期中报告\", \"期末报告\"]', '[\"TOEFL成绩单\", \"个人陈述\", \"GRE/GMAT成绩\", \"资金证明\", \"完成在线申请表\", \"成绩单\", \"推荐信：3封\", \"申请费：$105\", \"个人简历：强烈建议递交\"]', '[\"电气工程\", \"计算机科学\", \"应用物理\", \"环境科学与工程\", \"机械工程\", \"应用数学\", \"生物工程\", \"计算科学与工程\", \"设计工程\", \"人类学\", \"历史\", \"经济学\", \"英语\", \"数学\", \"音乐\", \"哲学\", \"物理\", \"心理学\", \"社会学\", \"天文学\", \"政府学\", \"语言学\", \"生物医学\", \"林业科学\", \"地球与行星科学\", \"统计学\", \"东亚语言与文化\", \"数据科学硕士\", \"生命科学\", \"人类进化生物学\", \"公共政策\", \"公共政策硕士\", \"公共管理硕士\", \"卫生政策\", \"社会政策\", \"公共管理与国际发展硕士\", \"职业中期公共管理硕士\", \"政治经济体与政府\", \"MBA项目\", \"PhD项目\", \"生物化学\", \"无机化学\", \"物理\", \"微生物学\", \"生物学\", \"统计学\", \"有机化学\", \"微积分\", \"细胞生物学\", \"法学博士\", \"法理博士\", \"法学硕士\", \"建筑学\", \"景观设计\", \"设计博士\", \"设计研究\", \"城市规划与设计\"]', '$46,340', '$17,160');
INSERT INTO `sais_college` VALUES (28, '剑桥大学', 'University of Cambridge', 'UK', '英格兰', 6, 20.50, '泰晤士报英国', 1, '[\"机械工程\", \"生物工程\", \"计算机科学\"]', 'University_of_Cambridge_Drn0FVb.png', '剑桥大学（University of Cambridge）是英国一所大型公立综合性大学，成立于1209年，位于英格兰剑桥郡剑桥市区，是罗素大学集团的一员。剑桥大学是英语世界仅次于牛津大学历史第二悠久的大学，也是现存世界第三古老的大学。\r\n\r\n剑桥大学是一所书院联邦制的高等教育机构，由31所成员书院（Colleges）组成，书院享有很大的自治权。各个书院都有其自己的成立历史，全部都是在大学本部成立后才出现，建筑经费主要来自捐款。', 19580, 11865, 6485, 3.60, 17.40, 0.00, '', '', '', 6.00, 9999, 7.50, 6.00, 7.50, '[\"高中成绩单\", \"高中毕业证\", \"荣誉证明\", \"语言成绩单\", \"护照扫描件\", \"个人作品(部分专业)\"]', '[\"本科成绩单\", \"在读证明/毕业证明\", \"学术推荐信\", \"语言成绩单\", \"护照扫描件\", \"个人陈述：包含在申请表中\", \"研究计划：包含在申请表中\", \"个人简历：部分项目需要\", \"申请费：￡50\", \"荣誉证明(如有)\", \"个人推荐信\", \"个人作品(部分专业)\"]', '[\"金融\", \"市场营销\", \"管理学\", \"技术政策\", \"创新、战略与组织\", \"化学\", \"地球科学\", \"物理\", \"天文学\", \"地理\", \"材料科学与冶金\", \"纯数学与数理统计学\", \"应用数学与理论物理\", \"电气工程\", \"计算机科学\", \"土木工程\", \"其它专业\", \"可持续发展领导\", \"能源、流体力学与涡轮\", \"力学、材料与设计\", \"制造与管理\", \"信息工程\", \"石墨烯技术\", \"化学工程与生物技术\", \"可持续发展领导\", \"经济学\", \"教育学\", \"其他专业\", \"其它专业\", \"土地经济学\", \"公共卫生\", \"生物统计学\", \"其它专业\", \"医学\", \"临床生物化学\", \"临床神经科学\", \"医学遗传学\", \"生物化学\", \"遗传学\", \"动物学\", \"病理学\", \"药理学\", \"植物科学\"]', '￡15,063-￡36,4565', '￡9,200');
INSERT INTO `sais_college` VALUES (29, '伦敦大学学院', 'University College London', 'UK', '英格兰', 10, 0.00, '泰晤士报英国', 8, '[\"经济学\", \"计算机科学\", \"心理学\", \"医学\"]', 'University_College_London.png', '英国伦敦大学学院，建立于1826年，是一所的综合性大学，是英国继牛津，剑桥之后第三古老大学，是在伦敦成立的第一所大学。伦敦大学学院和牛津大学，剑桥大学，帝国理工学院，伦敦政治经济学院，一起并称为G5超级精英大学，代表了英国最顶尖的科研实力、师生质量、经济实力；伦敦大学学院享有英国政府最多的财政预算，是金三角名校一员；它也是英国顶尖研究型大学联盟---罗素大学集团的一员。', 28430, 14625, 9750, 4.60, 40.60, 45.40, '', '', '', 6.00, 9999, 6.50, 6.00, 6.50, '[\"雅思成绩\"]', '[\"语言成绩：TOEFL/IELTS /PTE\"]', '[\"生物医学工程\", \"医学\", \"免疫与感染\", \"城市研究\", \"气候与气候变化\", \"环境保护\", \"水产健康科学\", \"建筑学\", \"能源工程\", \"可持续资源\", \"建筑设计\", \"地球科学\", \"地球物理\", \"环境科学（地球科学）\", \"神经科学\", \"神经生物学\", \"生物科学\", \"结构与分子生物学\", \"小学教育\", \"对外英语教学\", \"艺术与设计\", \"早期教育\", \"早期教育\", \"美术\", \"英语\", \"图书馆与信息科学\", \"化学工程\", \"生物化学工程\", \"科学、工程与公共政策\", \"金融硕士\", \"商业分析硕士\", \"技术创业硕士\", \"管理硕士\", \"心理学\", \"认知与认知神经科学\", \"眼科\", \"大脑科学\", \"神经学\"]', '15660-30800英镑/年', '14860英镑/年');
INSERT INTO `sais_college` VALUES (30, '爱丁堡大学', 'The University of Edinburgh', 'UK', '苏格兰', 18, 9.90, '泰晤士报英国', 28, '[\"生物医学\", \"心理学文学硕士\", \"绘画艺术文学学士\"]', 'The_University_of_Edinburgh.png', '爱丁堡大学(The University of Edinburgh)，简称爱大，是一所位于英国苏格兰首府爱丁堡的世界著名公立综合研究型大学，英国老牌名校，世界20强名校。\r\n　　爱大创建于1583年，是英语国家中第六古老的高等学府。由于其悠久的历史、庞大的规模、卓越的教学质量与科研水平，爱丁堡大学在2018/19年QS世界大学排名中位居全球第18位 ;在2015/16年泰晤士高等教育世界大学排名中位居全球第24位 ，声誉排名全球第29位 ;在2015年和2016年维基百科世界大学影响力排名中均位居全球第16位 。在英国官方每7年发布一次的2014REF英国大学研究排名中，高居全英第4位，仅次于牛津大学、伦敦大学学院和剑桥大学，是英国的超级精英大学 。它是唯一同时身为英国常春藤联盟罗素大学集团、科英布拉集团以及欧洲研究型大学联盟成员的苏格兰大学 。\r\n　　本杰明·富兰克林曾盛赞：“爱丁堡大学拥有许多真正的伟人和从事各种知识研究的教授，这在以往的任何时代、任何国家都从未有过。” 爱丁堡大学产生过28名诺贝尔奖获得者 ，2名图灵奖获得者，4名英国首相。达尔文、大卫·休谟、柯南·道尔、亚当·斯密、麦克斯韦、亚当·弗格森、詹姆斯·莫里斯以及英国前首相温斯顿·丘吉尔等诸多名家均曾在爱丁堡学习或从事研究。\r\n　　爱丁堡大学是英国大学中入学竞争最激烈、申请难度最高的大学之一，录取率仅为8%-10%左右 。2016年，爱丁堡大学与浙江大学在浙江海宁合作成立浙江大学爱丁堡大学联合学院(ZJU-UoE Institute)，开展双学位生物医学本科教育。', 27625, 18650, 6485, 3.00, 27.10, 0.00, '', '', '', 6.00, 9999, 6.50, 6.00, 6.50, '[\"个人陈述\", \"推荐信\", \"资金\", \"申请费\", \"高中成绩单\", \"高考成绩单\", \"语言成绩单\", \"高中毕业证\", \"护照扫描件\", \"资金证明\", \"个人信息\", \"教育背景\", \"工作经历(选填)\"]', '[\"在读证明/毕业证明\", \"在线填写申请表\", \"本科成绩单\", \"语言成绩单\", \"护照扫描件\", \"个人陈述\", \"推荐信：一般是2封\", \"个人简历\", \"资金证明\", \"面试\", \"荣誉证明(如有)\"]', '[\"经济学\", \"心理学\", \"英语\", \"翻译\", \"法学\", \"神学\", \"感知、动作与行为\", \"人工智能\", \"认知科学\", \"计算机科学\", \"数据科学\", \"信息学\", \"设计信息学\", \"普适并行计算\", \"计算系统架构\", \"自适应与神经计算\", \"语言、认知与通信\", \"建筑学\", \"景观设计\", \"城市设计\", \"室内设计\", \"音响与音乐技术硕士\", \"可持续发展设计硕士\", \"动画美术硕士\", \"建筑保护硕士\", \"建筑历史与理论硕士\", \"中世纪艺术硕士\", \"艺术、美术与自然美术硕士\", \"作曲硕士\", \"荧屏作曲硕士\", \"当代艺术实践美术硕士\", \"当代艺术理论硕士\", \"文化研究硕士\", \"设计与数字媒体硕士\", \"设计信息学美术硕士\", \"数字作曲与表演硕士\", \"时装设计美术硕士\", \"电影导演美术硕士\", \"玻璃艺术美术硕士\", \"平面设计美术硕士\", \"艺术史、理论与展示硕士\", \"插图艺术美术硕士\", \"珠宝设计美术硕士\", \"材料实践硕士\", \"现代与当代艺术硕士-历史、策展与批评方向\", \"乐器研究硕士\", \"音乐学硕士\", \"演出服装设计美术硕士\", \"产品设计美术硕士\", \"文艺复兴与近代早期研究硕士\", \"苏格兰艺术与视觉文化硕士\", \"音响设计硕士\", \"纺织设计美术硕士\", \"艺术哲学硕士\", \"艺术博士\", \"创意音乐实践博士\", \"文化研究硕士\", \"文化研究博士\", \"设计哲学硕士\", \"设计博士\", \"数字媒体与文化研究硕士\", \"数字工作室实践研究硕士\", \"艺术史研究硕士\", \"艺术史哲学硕士\", \"艺术史博士\", \"跨学科创新实践研究硕士\", \"音乐研究硕士\", \"音乐哲学硕士\", \"音乐博士\", \"反光设计实践研究硕士\", \"音响设计研究硕士\", \"研究型项目\", \"会计\", \"金融\", \"银行与风险\", \"工商管理\", \"人力资源管理\", \"市场营销\", \"国际贸易\", \"管理\", \"创业与创新\", \"生物信息学\", \"生物技术\", \"药物研发与转译\", \"动物育种与遗传学硕士\", \"生物化学硕士\", \"生物多样性与植物分类学硕士\", \"演化遗传学硕士\", \"人类复杂性状遗传学硕士\", \"计量遗传与基因组分析硕士\", \"合成生物学与生物技术硕士\", \"系统与合成生物学硕士\", \"细胞生物学博士\", \"演化生物学博士\", \"免疫学与感染研究博士\", \"分子植物科学博士\", \"干细胞研究博士\", \"结构与分子生物学博士\", \"对外英语教学\", \"表现心理学\", \"体育管理\", \"社区教育硕士\", \"舞蹈科学与教育硕士\", \"教育硕士\", \"教育硕士-语言、理论、实践与扫盲方向\", \"教育研究硕士\", \"融合与特殊教育硕士\", \"语言教学硕士\", \"户外教育硕士\", \"户外环境与可持续教育硕士\", \"体育锻炼与教育硕士\", \"力量与调节硕士\", \"教育哲学硕士\", \"教育哲学博士\", \"研究型项目\", \"金融数学\", \"运筹学\", \"材料与工艺\", \"生物工程\", \"数字通信\", \"电子工程\", \"集成传感与测量\", \"传感与成像系统\", \"消防安全工程\", \"能源系统\", \"基础建设与环境\", \"微纳米系统\", \"其它专业\", \"碳管理\", \"碳捕获与储存\", \"环境科学\", \"地理信息科学\", \"石油地质科学\", \"生态经济学硕士\", \"生态系统服务硕士\", \"食品安全硕士\", \"海洋系统与政策硕士\", \"可持续植物卫生硕士\", \"地质科学研究硕士\", \"人文地理研究硕士\", \"地理哲学硕士-人文地理方向\", \"地理博士-人文地理方向\", \"地质与地球物理哲学硕士\", \"地质与地球物理博士\"]', '£700', '£250');
INSERT INTO `sais_college` VALUES (31, '加州大学伯克利分校', 'University of California, Berkeley', 'US', '加利福尼亚州', 27, 15.30, 'USNews美国', 22, '[\"工程\", \"计算机\", \"社会科学\"]', 'University_of_California_Berkeley.png', '伯克利加州大学（University of California, Berkeley），简称伯克利，位于美国旧金山湾区伯克利市，是世界著名公立研究型大学、在学术界享有盛誉，位列2016年ARWU世界大学学术排名世界第3、USNews世界大学排名世界第4。', 38204, 27496, 10708, 17.00, 14.90, 0.00, '12月1日', '', '', 3.91, 9999, 100.00, 6.00, 100.00, '[\"申请费\", \"普通申请表\", \"推荐信\", \"高中成绩单\", \"标准考试成绩\", \"个人陈述\", \"面试\"]', '[\"申请费\", \"学士学位证书\", \"GPA成绩单\", \"TOEFL成绩单\", \"部分专业需要GRE成绩单\", \"推荐信至少3封\"]', '[\"MBA项目\", \"金融工程硕士\", \"PhD项目\", \"核工程\", \"生物工程\", \"机械工程\", \"土木与环境工程\", \"工业工程与运筹学\", \"材料科学与工程\", \"电气工程与计算机科学\", \"化学\", \"化学与生物分子工程\", \"化学与生物分子工程\", \"PhD项目\", \"信息与数据科学\", \"信息系统管理\", \"PhD项目\", \"建筑学\", \"城市与区域规划\", \"景观设计\", \"城市设计\", \"天体物理\", \"经济学\", \"心理学\", \"生物学\", \"微生物学\", \"艺术\", \"分子与细胞生物学\", \"神经科学\", \"数学\", \"天文学\", \"生物物理\", \"生物统计学\", \"地球与行星科学\", \"统计学\", \"其它专业\", \"数学与科学发展\", \"数学、科技教育\", \"人类发展与教育\", \"特殊教育联合博士\", \"语言、阅读与文化\", \"教育公平领导\", \"政策与组织研究\", \"项目评估\", \"数学方法与评估\", \"社会与文化研究\", \"发展师范教育\", \"科学与数学教育\", \"多元文化城市中学英语\", \"校长领导\", \"学校心理学\", \"J.D. (Juris Doctor)\", \"LL.M. (Master of Laws)\", \"J.S.D. (Doctor of the Science of\", \"Ph.D.\", \"JSD项目\", \"农业资源经济系\", \"环境科学、政策与管理系\", \"营养科学与毒理学系\", \"植物与微生物系\", \"自然资源学院\", \"卫生政策与管理\", \"流行病学与生物统计学\", \"生物统计学\", \"环境健康科学\", \"流行病学\", \"健康与社会行为\", \"卫生服务与政策分析\", \"传染与疫苗\", \"传染与免疫学\", \"母婴健康\", \"公共卫生与营养\"]', '$42,184', '$15,716');
INSERT INTO `sais_college` VALUES (32, '曼彻斯特大学', 'The University of Manchester', 'UK', '英格兰', 29, 0.00, '泰晤士报英国', 20, '[\"生命科学，工程学，人文，经济学，社会学\"]', 'The_University_of_Manchester.png', '曼彻斯特大学（University of Manchester）是英国的一所大型公立综合性大学，位于英格兰曼彻斯特市区，属罗素大学集团，2004年由成立于1824年曼彻斯特科学技术学院（University of Manchester Institute of Science and Technology）和成立于1851年的维多利亚曼彻斯特大学（Victoria University of Manchester）合并成立，是英国规模最大的单一校址大学。\r\n曼彻斯特大学是英国六所红砖大学之一，也是北英格兰八校联盟（N8 Group）之一。北英格兰八校联盟共包含杜伦大学、兰卡斯特大学、利物浦大学、利兹大学、曼彻斯特大学、纽卡斯尔大学、谢菲尔德大学和约克大学，均为研究型大学，也均是罗素大学集团的成员。', 37925, 25795, 7975, 8.00, 24.70, 45.70, '', '', '', 6.00, 9999, 6.00, 6.00, 6.50, '[]', '[]', '[\"商业分析\", \"物流管理\", \"市场营销\", \"管理\", \"人力资源管理\", \"MBA项目\", \"房地产\", \"精算\", \"商业与管理研究型项目\", \"会计与金融\", \"商业心理学\", \"创新与企业管理\", \"国际商务与管理\", \"心理学\", \"药学\", \"牙医\", \"医学\", \"其它专业\", \"生物化学\", \"生物信息学\", \"生物技术\", \"分子生物学\", \"神经科学\", \"微生物学\", \"免疫学\", \"药理学与毒理学\", \"遗传学\", \"生理学\", \"生物科学\", \"其它专业\", \"结构生物学\", \"环境生物学\", \"发育生物学\", \"细胞生物学\", \"组织工程\", \"眼科与验光科学\", \"建筑学\", \"经济学\", \"音乐\", \"传播学\", \"戏剧\", \"地理\", \"法学\", \"教育学\", \"其它专业\", \"笔译与口译\", \"对外英语教学\", \"规划与环境管理\", \"计算机科学\", \"环境工程\", \"土木工程\", \"化学\", \"数学\", \"航空航天工程\", \"环境科学\", \"机械工程\", \"核工程\", \"材料科学与工程\", \"统计学\", \"物理与天文\", \"电气与电子工程\", \"化学工程与分析科学\", \"地球、大气与环境科学\", \"纺织与造纸科学\"]', '￡15,500-￡35,000', '￡11,575');
INSERT INTO `sais_college` VALUES (33, '伦敦国王学院', 'King\'s College London', 'UK', '英格兰', 31, 0.00, '泰晤士报英国', 35, '[\"医学\", \"生物医学\", \"护理\", \"经济学与管理\"]', 'Kings_College_London.png', '伦敦大学国王学院（King\'s College London，缩写KCL），或称“伦敦国王学院”，是英国一所大型公立综合性大学，位于英国首都伦敦市，是伦敦大学系统的一员，1829年由英王乔治四世和威灵顿公爵创立，同年获得皇家宪章，是英格兰第三古老的高等学校（与伦敦大学学院、杜伦大学有争议），其下属的圣托马斯医院（St Thomas\' Hospital）——现伦敦大学国王学院医学教学学院之一——的历史甚至可以追溯至1173年，该学校于1550年正式获得医学学校地位。', 27645, 13505, 6350, 3.90, 23.10, 34.80, '', '', '', 6.00, 9999, 6.50, 6.00, 6.50, '[\"雅思成绩\", \"申请表\", \"推荐信\", \"个人陈述\", \"高中学历\", \"ESSAY\", \"SAT分数或者ACT分数\", \"标准考试成绩\"]', '[\"雅思成绩\", \"TOEFL成绩单\", \"GRE/GMAT成绩\"]', '[\"计算机科学\", \"化学与生物工程\", \"化学\", \"数学\", \"物理\", \"生物医学工程\", \"计算机科学与商业\", \"机器人\", \"电气电子工程\", \"政治学\", \"经济学\", \"地理\", \"国际研究\", \"商业管理\", \"英语语言文学\", \"古典文学\", \"比较文学\", \"英语\", \"德语\", \"音乐\", \"哲学\", \"欧洲研究\", \"法语\", \"通识教育\", \"古代史\", \"物理与哲学\", \"法语与德语\", \"心理学\", \"生物化学\", \"神经科学\", \"药学\", \"药理学\", \"物理疗法\", \"分子遗传学\", \"生物医学科学\", \"牙医\", \"牙医学\", \"护理学\", \"儿童执业护理\", \"护理和助产\", \"法学\"]', '￡15,200-￡36,050', '￡12,000-￡14,400');
INSERT INTO `sais_college` VALUES (34, '加州大学洛杉矶分校', 'University of California, Los Angeles', 'US', '加利福尼亚州', 32, 17.30, 'USNews美国', 19, '[]', 'University_of_California_Los_Angeles.png', '加州大学洛杉矶分校（University of California, Los Angeles，缩写 UCLA）位于美国西海岸加利福尼亚州的洛杉矶市好莱坞附近，成立于1919年（但可以追溯至1881年），是一所著名的公立研究型大学，为公立常春藤之一，也是加州大学十校中声誉和实力仅次于加州大学伯克利分校的学校。加州大学洛杉矶分校每年吸引着5万以上的申请者，历年来为美国申请人数最多的几所学校之一。\r\n\r\n加州大学洛杉矶分校前身为一所位于洛杉矶市区的师范学校，成立于1881年3月，系应当时洛杉矶市民的强烈要求而建立，专为加州南部地区培养合格教师。1914年迁至好莱坞附近。1917年该师范学院的校长建议将这其改造成加州大学的第二座校园，这个想法得以在1919年3月23日实现——加利福尼亚州立法机关通过了将这所师范学校改为“加利福尼亚大学南部分校”的法令，并添加了培养一般本科课程的文理学院。1927年改名为“加州大学洛杉矶分校（University of California, Los Angeles）”，尤以缩写UCLA著称。1933年获得硕士学位授予权，1936年获得博士学位授予权。', 43301, 29585, 13716, 17.00, 13.00, 13.00, '12月1日', '', '', 3.47, 1230, 83.00, 6.00, 87.00, '[]', '[]', '[\"电气工程\", \"计算机科学\", \"土木工程\", \"机械与航空航天工程\", \"化学工程\", \"生物工程\", \"材料科学与工程\", \"材料科学与工程\", \"其它专业\", \"建筑学\", \"其它专业\", \"MBA项目\", \"金融工程硕士\", \"PhD项目\", \"商业分析硕士\", \"MD项目\", \"生物科学\", \"其他项目\", \"PhD项目\", \"MSN项目\", \"生物统计学\", \"公共卫生硕士\", \"其他专业\", \"经济学\", \"英语\", \"数学\", \"心理学\", \"大气与海洋科学\", \"化学与生物化学\", \"统计学\", \"物理与天文学\", \"其它专业\", \"地球、行星与空间科学\", \"教育领导\", \"戏剧\", \"影视\", \"戏剧与表演研究硕士项目\", \"牙医外科博士\", \"口腔生物学\", \"口腔生物学硕士\", \"法学博士\", \"法学硕士\", \"法学研究博士\"]', '', '');
INSERT INTO `sais_college` VALUES (35, '伦敦政治经济学院', 'The London School of Economics and Political Science', 'UK', '英格兰', 38, 7.00, '泰晤士报英国', 9, '[\"会计\", \"金融\", \"人力资源管理\", \"经济学\"]', 'the_London_School_of_Economics_and_Political_Science.png', '伦敦政治经济学院(the London School of Economics and Political Science)，简称伦敦经济学院(LSE)或伦敦政经。创立于1895年，是英国久负盛名的世界顶尖公立研究型大学。与牛津大学、剑桥大学、伦敦大学学院、帝国理工学院并称“G5超级精英大学”，为伦敦大学联盟成员，也是英国金三角名校和罗素大学集团成员。', 10145, 3965, 5510, 6.50, 45.80, 81.10, '', '', '', 6.00, 9999, 7.00, 6.00, 7.00, '[\"托福/雅思\"]', '[\"gpa\", \"托福/雅思成绩单\"]', '[\"经济学\", \"会计\", \"金融\", \"管理\", \"人力资源管理\", \"数学\", \"统计学\", \"人类学\", \"哲学\", \"社会学\", \"欧洲研究\", \"政府学\", \"法学\", \"社会心理学\", \"国际关系\", \"性别研究\", \"国际发展\", \"社会政策\", \"经济史\", \"地理与环境\"]', '￡17,040', '￡12,000-￡14,400');
INSERT INTO `sais_college` VALUES (36, '加州大学圣地亚哥分校', 'University of California, San Diego', 'US', '加利福尼亚州', 41, 37.20, 'USNews美国', 41, '[]', 'University_of_California_San_Diego.png', '加州大学圣地亚哥分校（University of California,San Diego，简称UC San Diego，缩写为UCSD）或作“加州大学圣迭戈分校”，隶属于加州大学系统，成立于1960年，位于美国西部小城拉霍亚（La Jolla,CA），是美国的一所著名顶尖公立学府，也被誉为“公立常春藤”之一。\r\n2013年上交大世界大学学术排名第14名，甚至高于常青藤名校宾夕法尼亚大学的1个名次，是加州大学系统下仅次于伯克利分校和洛杉矶分校的学校。这也是加州大学圣地亚哥分校世界排名中最高的名次。\r\n美国国家教育调查委员会全美高等教育学府排名：10', 33735, 26590, 7145, 18.00, 6.00, 0.00, '12月10日', '', '', 4.12, 1750, 83.00, 6.00, 83.00, '[\"推荐信\", \"SAT/ACT成绩单\", \"申请费\", \"资金证明\", \"高中成绩单\", \"ESSAY两篇\", \"通过UC系统申请\", \"会考成绩单\"]', '[\"申请表\", \"申请费\", \"个人陈述\", \"GRE/GMAT成绩\", \"资金证明\", \"TOEFL/IELTS成绩\", \"成绩单\", \"三封推荐信\"]', '[\"管理学\", \"市场营销\", \"教育研究\", \"金融\", \"经济学与战略\", \"创新、技术与运营\", \"计算机工程\", \"生物化学\", \"无机化学\", \"生物信息学\", \"环境研究\", \"美国研究\", \"化学\", \"经济学\", \"分子生物学\", \"神经科学\", \"等离子物理\", \"航空航天工程\", \"机械工程\", \"工程物理\", \"设计\", \"拉丁美洲研究\", \"中东研究\", \"微生物学\", \"神经生物学\", \"癌症生物学\", \"免疫学\", \"生物学\", \"粒子物理\", \"应用物理学\", \"生物物理学\", \"化学生物学\", \"遗传学\", \"大气科学\", \"生物保护\", \"生物物理\", \"宇宙学\", \"有机化学\", \"物理化学\", \"地震学\", \"人工智能\", \"戏剧与戏曲\", \"导演\", \"软件工程\", \"病毒学\", \"天体物理学\", \"认知心理学\", \"社会心理学\", \"国际关系\", \"表演\", \"金融\", \"舞台管理\", \"应用力学\", \"教育学硕士\", \"比较政治学\", \"生物材料\", \"高性能计算\", \"数值分析\", \"教学硕士\", \"编剧\", \"生物医学成像\", \"性别与性研究\", \"细胞生物学\", \"发育生物学\", \"基本粒子\", \"政治理论\", \"系统与网络\", \"研究方法论\", \"生物物理学\", \"组织工程与再生医学\", \"多尺度生物工程\", \"系统生物学与医学\", \"血流生物工程分析\", \"微血管灌注与交换\", \"无源与有源态细胞力学\", \"细胞及膜相关分子生物学及细胞变形与粘附\", \"机械力与基因表达、心肺动态\", \"组织生物力学特性\", \"生长动力学\", \"间质、淋巴管、骨与关节流体流\", \"肌肉生理学与力学\", \"器官应力分布，含心脏及软骨\", \"软结缔组织及其修复与再生\", \"植入式生物传感器\", \"组织工程\", \"体内药理化学运输\", \"神经工程与计算神经科学\", \"生物医学电路与系统\", \"生物医学纳米技术\", \"分子与纳米材料\", \"能源与环境纳米技术\", \"地震工程\", \"高级复合材料与航空航天结构系统\", \"重建工程\", \"结构健康检测、预后与仿真模拟\", \"计算力学\", \"电磁与纳米材料\", \"材料结构\", \"电子材料与表面\", \"能源材料与应用\", \"计算流体动力学\", \"气象建模\", \"储藏建模\", \"结构分析\", \"材料\", \"广义相对论\", \"多比例与多物理建模\", \"微分方程\", \"非线性动力学\", \"并行计算\", \"复杂算法\", \"计算机架构与编译器\", \"计算机图形与可视化\", \"数据库与信息管理\", \"嵌入式系统与软件\", \"编程系统\", \"计算机安全与网络安全\", \"计算机理论\", \"普适计算与社会动力\", \"超大规模基础电路与CAD\", \"应用海洋科学\", \"通信原理与系统\", \"电子电路与系统\", \"智能系统、机器人及控制\", \"医疗设备与系统\", \"纳米器件与系统\", \"光电学\", \"信号与图像处理\", \"应用海洋科学\", \"生物信息学\", \"生态、行为与进化\", \"植物分子生物学\", \"植物系统生物学\", \"信号传导\", \"分析与大气化学\", \"细胞与系统生物化学\", \"结构生物学与生物物理\", \"理论与计算化学\", \"天文物理与天文学\", \"凝聚物理\", \"非洲\", \"古地中海\", \"东亚\", \"欧洲\", \"科学史\", \"种族、族裔与移民\", \"战争革命与社会变迁\", \"舞剧\", \"美国政治学\", \"认知与行为神经科学\", \"发育心理学\", \"感觉与感知\", \"教育领导力博士\", \"教育学博士\", \"视觉艺术\", \"公共政策硕士\", \"国际事务硕士\", \"中国经济与政治事务硕士\", \"高阶国际事务硕士\", \"政治与国际事务博士\", \"生物信息学\", \"神经生物学\", \"癌症生物学\", \"PhD项目\", \"微生物学与免疫学\", \"发育生物学\", \"遗传学与基因组学\", \"分子细胞生物学\", \"分子药理学\", \"分子病理学与生理学\", \"人类起源\", \"内分泌学与糖分代谢\", \"干细胞\", \"结构与化学生物学\", \"数学\", \"Pharm.D项目\", \"Pharm.D/PhD双学位项目\", \"制药科学与药物开发博士\", \"地质科学\", \"地球物理\", \"生物海洋学\", \"物理海洋学\", \"海洋生物学\", \"应用海洋科学\", \"气候科学\", \"海洋化学与地球化学\"]', '$41,562', '$13,080');
INSERT INTO `sais_college` VALUES (37, '布里斯托大学', 'University of Bristol', 'UK', '英格兰', 51, 0.00, '泰晤士报英国', 19, '[\"牙医，工程设计，医学，兽医科学，\"]', 'University_of_Bristol.png', '布里斯托大学（University of Bristol），或称“布里斯托尔大学”，是英国一所大型公立综合性大学，位于英格兰布里斯托市，1909年获得皇家特许成为一所正式的大学，属罗素大学集团。\r\n布里斯托大学是英国入学竞争最为激烈的8所学校之一，在QS、泰晤士高等教育、上交大世界大学学术排名上，均位居英国前十，是英国除牛津、剑桥、帝国理工及伦敦大学旗下UCL和LSE之外最强的大学之一。\r\n\r\n布里斯托大学共诞生过11位诺贝尔奖得主，包括4名物理奖、3名化学奖、1名生理医学奖和3名文学奖。最近一次诺贝尔奖是2008年的文学奖得主让-马里·古斯塔夫·勒克莱齐奥（Jean-Marie Gustave Le Clézio），而最近一次科学奖则是1977年由内维尔·弗兰西斯·莫特（Nevill Francis Mott）因对磁性和无序体系电子结构的基础性理论研究而获得的诺贝尔物理学奖。\r\n\r\n布里斯托大学是英国6所“红砖大学”之一，其余5所是伯明翰大学、曼彻斯特大学、利物浦大学、利兹大学以及谢菲尔德大学。布里斯托大学的历史最早可追溯至1595年成立的商业合营技术学院（Merchant Venturers\' Technical College），该学院现时为学校的工程学院。；1833年成立的布里斯托医学院（Bristol Medical School）和成立于1876年的布里斯托大学学院（University College, Bristol）与1893年合并，正式成立布里斯托大学，但一直到1909年方才获得皇家特许，成为一所正式的大学。布里斯托大学和伦敦大学学院都称自己是英国历史上最早招收女生的学校。', 20107, 14510, 3885, 7.30, 15.20, 43.30, '', '', '', 6.00, 9999, 6.50, 6.00, 6.50, '[\"SAT与ACT成绩\", \"A-level或IB课程成绩等\", \"AP课程\"]', '[]', '[\"其它专业\", \"分子神经科学\", \"临床科学\", \"社会与社区医学\", \"分子、基因与流行病学\", \"经济学\", \"会计\", \"金融\", \"法学\", \"教育心理学\", \"管理\", \"教育学\", \"其它专业\", \"对外英语教学\", \"运动、营养与卫生\", \"化学\", \"地球科学\", \"数学\", \"物理\", \"心理学\", \"统计学\", \"生物科学\", \"地理科学\", \"纳米科学与材料\", \"合成生物学\", \"钻石科学与技术\", \"地理科学\", \"英语\", \"音乐\", \"戏剧\", \"其它专业\", \"翻译\", \"影视\", \"电气工程\", \"计算机科学\", \"土木工程\", \"航空航天工程\", \"生物医学工程\", \"机械工程\", \"机器人学\", \"定量无损评估\", \"通信工程\", \"复合材料科学\", \"工程数学\", \"水资源与环境管理\", \"量子工程\", \"生物化学\", \"生物医学\", \"其它专业\", \"兽医科学\", \"细胞与分子医学\", \"动态细胞生物学\", \"神经动力学\", \"生理学与药理学\", \"生物物理与分子生命科学\"]', '£7,400 - £11,000', '￡15,200/￡18,300');
INSERT INTO `sais_college` VALUES (38, '华威大学', 'The University of Warwick', 'UK', '英格兰', 54, 12.80, '泰晤士报英国', 10, '[\"管理学\", \"数学与物理\", \"语言学\", \"法学\"]', 'The_University_of_Warwick_FCyixAC.png', '华威大学（The University of Warwick）,或作“沃瑞克大学”，是英国一所大型公立综合性大学，成立于1965年，主校区位于英格兰考文垂市西南郊区，占地290公顷（合2.9平方公里），距离考文垂市中心约5.3公里，属罗素大学集团的一员。', 25245, 12895, 5080, 4.50, 27.10, 47.20, '', '', '', 6.00, 9999, 6.00, 6.00, 6.50, '[\"托福/雅思成绩单\"]', '[\"推荐信\", \"资金证明\", \"语言成绩单\", \"护照扫描件\", \"在读证明/毕业证明\", \"荣誉证明(如有)\"]', '[\"商科与管理\", \"市场营销\", \"工商管理\", \"人力资源\", \"研究型项目\", \"计算机科学\", \"化学\", \"数学\", \"物理\", \"统计学\", \"华威制造集团\", \"生命科学\", \"经济学\", \"教育学\", \"土木工程\", \"生物医学工程\", \"化学工程\", \"机械工程\", \"商学院\", \"文学院\", \"社会科学学院\", \"医学院\", \"理学院\"]', '￡15,820-￡32,200', '￡7,986-￡12,042');
INSERT INTO `sais_college` VALUES (39, '布朗大学', 'Brown University', 'US', '罗德岛州', 56, 9.46, 'USNews美国', 14, '[\"经济学\", \"人类学\", \"考古学与古代世界\", \"环境研究\", \"民族研究\", \"卫生与人类生物学\"]', 'Brown_University.png', '布朗大学（Brown University）位于美国罗德岛州普罗维登斯市，离有“世界理工大学之最”著名的麻省理工学院（位于波士顿）有85公里左右，大约1小时20分钟车程，是常春藤盟校之一。1764年建校时取名为罗德岛学院，是新英格兰地区第三古老，全美第七古老的高校，也是美国第一所可以接受任何宗教背景的学生入学的高校。在校学生来自全美50个州，以及世界上65个不同的国家。\r\n\r\n布朗大学于1847年在所有常春藤盟校中最早成立了面向本科生的工程系，它同时也是最早开始重视传媒教育的高校，学生在现代文化与媒介系里能够学习电影赏析与评论等各种批评理论。大学的院系主要有大学学院、研究生院、阿尔伯特医学院、工程学院和公共健康学院。布朗大学的国际项目是由沃森国际研究所负责的。\r\n\r\n布朗大学的教授和校友中，5名教授和两名校友被授予诺贝尔奖，浙江大学校长、固体力学专家和中国科学院院士杨卫也毕业于布朗大学。', 9458, 6652, 2806, 9.00, 12.00, 0.00, '', '', '', 6.00, 1440, 90.00, 6.00, 90.00, '[]', '[]', '[\"医疗服务研究\", \"生物医学科学\", \"创新与创业管理\", \"戏剧艺术与表演研究\"]', '', '');
INSERT INTO `sais_college` VALUES (40, '华盛顿大学', 'University of Washington', 'US', '华盛顿州', 66, 53.30, 'USNews美国', 59, '[]', 'University_of_Washington.png', '华盛顿大学（University of Washington，缩写UW，或简称为“Washington”以及“UDub”）旗舰校区位于美国西部华盛顿州首府西雅图市。创建于1861年，是美国西海岸最古老的大学之一，也是世界上最早开设医学院的学校之一。华盛顿大学被誉为“公立常春藤”，是美国大学协会的一员，也是美国西海岸大学体育联盟“太平洋十二校联盟”的一员。\r\n\r\n华盛顿大学共有3个校区，分别位于西雅图、塔科马（Tacoma）和巴萨尔（Bothell），塔科马校区和巴萨尔校区仅提供本科与硕士课程，这三个校区属于同一所学校，与一般的公立大学系统不同，华盛顿大学的塔科马和巴萨尔校区皆并非一所独立的大学——尽管如此，这三所学校的录取条件、学术要求、科研水平等都各不相同，实质仍相当于三所不同的学校，一般所言的华盛顿大学仅指西雅图校区，而不包括塔科马和巴萨尔校区。华盛顿大学年预算72亿美元，占地703英亩（约2.8平方公里），拥有2千多万平方米的草坪，校园建筑500多栋，包括新建立的华盛顿大学大厦，该大厦包括一座352英尺（约107米）的塔楼和一个会议大厅。', 45408, 31063, 14345, 21.00, 15.00, 0.00, '12月1日', '', '', 3.76, 1200, 76.00, 3.00, 92.00, '[\"雅思成绩\", \"gpa\", \"申请表\", \"学习报告与成绩单\", \"TOEFL成绩单\", \"申请费\"]', '[\"雅思成绩\", \"gpa\", \"申请表\", \"学习报告与成绩单\", \"推荐信\", \"TOEFL成绩单\", \"申请费\", \"GRE/GMAT成绩\", \"推荐信\", \"成绩单\", \"资金证明\", \"TOEFL/IELTS成绩\", \"正规大学本科毕业\"]', '[\"管理学\", \"会计\", \"市场营销\", \"信息系统\", \"税务\", \"金融\", \"技术管理\", \"运营管理\", \"其它项目\", \"审计与核证\", \"LLM项目\", \"建筑学硕士（专业学位）\", \"景观设计硕士\", \"房地产硕士\", \"建筑学理学硕士\", \"高性能建筑硕士\", \"设计计算硕士\", \"历史与理论硕士\", \"建造管理硕士\", \"建造管理硕士（安全与卫生方向）\", \"城市规划硕士\", \"公共管理硕士\", \"技术创新硕士\", \"公共政策与管理博士\", \"高阶公共管理硕士\", \"生物化学\", \"化学\", \"营养学\", \"有机化学\", \"生理学\", \"地球生物学\", \"环境园艺学硕士\", \"林业资源硕士\", \"大气与空间\", \"固体地球\", \"地面过程\", \"特殊教育\", \"教育政策\", \"早期特教\", \"教学与指导\", \"教育高发病研究\", \"教学领导能力\", \"校际运动组织\", \"领导力研究\", \"高等教育与领导力\", \"学习与人类发展\", \"教育低发病研究\", \"教师教育\", \"教学评估与统计\", \"多元文化教育\", \"教育领导、组织与政策研究\", \"社会文化基础\", \"学校心理学\", \"教师素质与培养\", \"对外英语教学\", \"企业法\", \"知识产权与信息技术法\", \"卫生法\", \"知识产权法\", \"国际商法\", \"亚洲法\", \"争端仲裁\", \"环境法\", \"国际与比较法学\", \"公共服务法\", \"破产法\", \"青少年及儿童权益保护\", \"联邦税法\", \"移民法\", \"西北无罪计划\", \"立法（青少年及儿童权益方向）\", \"调解\", \"街头法律\", \"部族法庭共设辩护\", \"工人权利\", \"神经生物学与行为科学项目\", \"生物物理、结构与设计系\", \"MSTP项目\", \"分子与细胞生物学系\", \"数据科学硕士\", \"电气工程硕士\", \"医学言语病理学硕士\", \"计算语言学硕士\", \"计算金融与风险管理硕士\", \"土木工程硕士\", \"社区公共卫生实践硕士\", \"图书馆与信息科学硕士\", \"医疗管理硕士\", \"人机交互与设计硕士\", \"教育政策硕士\", \"社区与网络传播硕士\", \"数字媒体传播硕士\", \"博物馆学硕士\", \"统计学硕士-高级方法与数据分析方向\"]', '', '');
INSERT INTO `sais_college` VALUES (41, '杜伦大学', 'Durham University', 'UK', '英格兰', 74, 15.10, '泰晤士报英国', 7, '[\"地理\", \"法学\", \"教育学\", \"音乐\", \"戏剧\"]', 'University_of_Durham.png', '杜伦大学(Durham University)，英国顶尖大学之一，罗素大学集团成员，拥有世界上最古老的大学建筑。起源于1072年的达勒姆堡和大教堂，1832年正式创建，成为英格兰第三古老的大学，也是英国仅存的学院制大学(英国仅存的其他两所学院制大学为牛津大学和剑桥大学)。', 17190, 12280, 3205, 10.80, 16.50, 50.10, '', '', '', 6.00, 9999, 6.50, 6.00, 6.50, '[\"雅思成绩\", \"托福成绩单\", \"高考成绩单\"]', '[\"雅思成绩\", \"推荐信\", \"资金证明\", \"语言成绩单\", \"在读证明/毕业证明\"]', '[\"电气工程\", \"计算机工程\", \"力学\", \"教育研究\", \"教育硕士\", \"经济学\", \"会计\", \"金融\", \"人力资源管理\", \"工商管理硕士\", \"物理\", \"数学科学\", \"生物科学\", \"化学研究\", \"古典文学\", \"英语文学\", \"翻译\", \"古代哲学\", \"地理\", \"药学\", \"公共卫生研究\"]', '14900-18900英镑/年', '6975-7260英镑/年');
INSERT INTO `sais_college` VALUES (42, '谢菲尔德大学', 'The University of Sheffield', 'UK', '英格兰', 75, 0.00, '泰晤士报英国', 25, '[\"新闻类\", \"生物科学\", \"政治学\", \"土木工程\", \"传播与媒体研究\", \"\", \"\"]', 'The_University_of_Sheffield_dddcfix.png', '受英国高等教育质量认证机构（QAA）认证，是英国一所著名的公立研究型大学，坐落在英格兰南约克郡的谢菲尔德市，初建校是1828年，名为谢菲尔德医科学校（Sheffield Medical School），在1897年变身为谢菲尔德大学学院（University College of Sheffield），1905年正式授予英国皇家荣誉封号成为一所独立的大学，正式更名为谢菲尔德大学。该校是罗素大学集团成员之一，也是英国著名的红砖大学成员之一。', 26600, 17530, 6075, 9.10, 15.80, 46.10, '', '', '', 6.00, 9999, 6.50, 3.50, 6.50, '[\"雅思成绩\", \"推荐信\", \"个人陈述\", \"TOEFL/IELTS成绩\", \"高中成绩单\", \"SAT分数或者ACT分数\"]', '[\"个人陈述\", \"个人简历\", \"TOEFL/IELTS等语言成绩\", \"本科成绩单\", \"在读证明/毕业证明\", \"推荐信：1-2封\", \"荣誉证明(如有)\"]', '[\"生物医学\", \"医学微生物学与免疫学\", \"健康与人文\", \"分子与生物医学科学\", \"医学人类学\", \"经济学\", \"环境科学\", \"中国研究\", \"城市研究\", \"景观设计\", \"日本研究\", \"商业管理\", \"其它专业\", \"地理科学\", \"城市规划\", \"社会政策\", \"商业管理硕士\", \"东亚研究与商业管理\", \"考古学\", \"法语\", \"中国研究\", \"英语语言与文学\", \"语言学与东亚语言及文化\", \"语言学与哲学\", \"金融数学\", \"生态学与演化生物学\", \"数学\", \"分子生物学\", \"心理学\", \"生物学\", \"经济学与数学\", \"遗传及分子生物学\", \"数学与统计学\", \"物理与天文\", \"动物与植物科学\", \"会计与金融\", \"土木工程\", \"航空航天工程\", \"化学工程\", \"材料工程\", \"建筑工程\", \"工程学\", \"生物工程\", \"材料科学与工程\", \"电气工程\", \"材料科学与工程\", \"人工智能\", \"软件工程\", \"计算机系统\", \"电气与电子工程\"]', '￡14,500-￡34,000', '£4,036.62-£7,936.11');
INSERT INTO `sais_college` VALUES (43, '波士顿大学', 'Boston University', 'US', '马萨诸塞州', 93, 25.00, 'USNews美国', 42, '[\"电气工程\", \"材料科学与工程\", \"城市规划\"]', 'Boston_University.png', '波士顿大学（Boston University，缩写BU）是一所大型私立综合性全国大学，成立于1839年，位于美国东部大型城市波士顿，提供本科、硕士、博士，三种学位类型。学校共两个校区：主校区位于波士顿附近的查理斯河，另外一个校区也是医学院的所在，位于波士顿南端，校内开设有医学、牙医学、法学等共18所学院，在海外33个城市和地区开设有海外学习课程。卡内基高等教育研究机构评其为高等研究型大学；其诺贝尔奖得主包括：马丁路德•金、伊利•威塞尔、35个普利兹奖得主、6项学术奖。', 33119, 16239, 13954, 10.00, 23.00, 0.00, '1月11日', '', '', 3.70, 1300, 100.00, 3.00, 84.00, '[\"资金证明\", \"高中成绩单\", \"护照复印件\", \"在线申请表\", \"语言成绩单\", \"教师评估\", \"高三成绩单\", \"标准化考试成绩\", \"班主任推荐信与与学校报告\"]', '[\"推荐信\", \"个人陈述\", \"个人简历\", \"GRE/GMAT成绩单\", \"TOEFL/IELTS成绩单\", \"申请费：$80\", \"成绩单\", \"在线申请表\", \"资金证明材料\"]', '[\"视觉艺术\", \"流行病与环境健康\", \"商业分析硕士\", \"MD项目\", \"言语、语言与听力科学\", \"JD项目\", \"工程快捷课程\", \"神经科学\"]', '$52,082', '$15,270');
INSERT INTO `sais_college` VALUES (44, '南安普敦大学', 'University of Southampton', 'UK', '英格兰', 96, 0.00, '泰晤士报英国', 18, '[]', 'University_of_Southampton.png', '南安普敦大学（University of Southampton），或作“南安普顿大学”，是一所大型公立综合性大学，成立于1862年，位于英格兰南安普敦市市区，属罗素大学集团。\r\n南安普敦大学是世界上最强的100所大学之一，也是唯一一所其工程学院所有专业都获最高评级5星级的大学。', 24135, 16805, 7325, 9.00, 25.00, 0.00, '', '', '', 6.00, 9999, 6.50, 6.00, 6.50, '[\"资金证明\", \"高中成绩单\", \"高中毕业证\", \"面试\", \"在线申请表\", \"托福/雅思\", \"A-level或IB课程成绩等\", \"1篇Essay及1封推荐信\", \"高中毕业证/高中在读证明\"]', '[]', '[\"法学\", \"风险管理\", \"金融\", \"会计与金融\", \"交通规划\", \"会计与管理\"]', '', '');
INSERT INTO `sais_college` VALUES (45, '圣安德鲁斯大学', 'University of St Andrews', 'UK', '苏格兰', 97, 7.00, '泰晤士报英国', 3, '[\"物理天文学\", \"哲学\", \"英语\"]', 'University_of_St_Andrews.png', '圣安德鲁斯大学（University of St Andrews）是一所中等大小的公立综合性大学，成立于1413年，位于苏格兰圣安德鲁斯市市区，属1994集团大学。\r\n\r\n圣安德鲁斯大学是苏格兰第一所大学，同时也是英语世界中第三古老的大学，仅次于牛津大学与剑桥大学。', 9850, 7795, 2055, 9.00, 45.00, 0.00, '5月1日', '', '', 6.00, 9999, 6.50, 6.00, 6.50, '[\"申请表\", \"资金证明\", \"高中成绩单\", \"托福/雅思\", \"A-level或IB课程成绩等\", \"1篇Essay及1封推荐信\", \"高中毕业证/高中在读证明\"]', '[]', '[\"历史\", \"英语\", \"德语\", \"音乐\", \"哲学\", \"艺术史\", \"法语\", \"意大利语\", \"拉丁语\", \"电影研究\", \"希腊语\", \"西班牙语\", \"社会人类学\", \"俄语\", \"国际关系\", \"现代语言\", \"古代历史\", \"现代语言\", \"计算机科学\", \"化学\", \"生物学\", \"地球与环境科学\", \"物理与天文学\", \"地理与地球科学学院\", \"医学\"]', '￡15,460', '');
INSERT INTO `sais_college` VALUES (46, '普渡大学西拉法耶分校', 'Purdue University, West Lafayette', 'US', '美国', 100, 58.90, 'USNews美国', 56, '[]', 'Purdue_University_West_Lafayette.png', '普渡大学西拉法叶分校（Purdue University, West Lafayette）常被称作“普渡大学”，也译作“普度大学”，是普渡大学系统三所分校的主校区。位于美国印第安纳州的西拉法叶，是一所著名的公立研究型大学，素以工学、农学和航天著称于世。该校也是美国五大湖地区的体育赛事联盟十大联盟（Big Ten）的一员，也是美国大学协会的会员。世界登月第一人阿姆斯特朗便是该校1947级的校友。在美国航天局（NASA）的任务中中，超过1/3的登月任务至少有一位普渡校友参与。', 39409, 29497, 9912, 12.00, 18.00, 0.00, '1月1日', '', '', 3.50, 1160, 80.00, 3.00, 77.00, '[\"申请表\", \"推荐信\", \"SAT/ACT成绩单\", \"高中成绩单\", \"申请费：$60\", \"TOEFL/IELTS/PTE成绩单\"]', '[\"个人陈述\", \"3封推荐信\", \"申请费：$75\", \"个人简历\", \"电子申请表\", \"官方成绩单中英文\", \"TOEFL/IELTS、PTE\", \"GRE/GMAT成绩\"]', '[\"金融硕士\", \"市场营销硕士\", \"会计硕士\", \"物流管理硕士\", \"金融经济学硕士\", \"人力资源管理硕士\", \"商业分析与信息管理硕士\", \"土木工程\", \"航空航天工程\", \"生物医学工程\", \"化学工程\", \"材料工程\", \"机械工程\", \"核工程\", \"电气与计算机工程\", \"工程管理硕士\", \"工业工程\", \"农业与生物工程\", \"建筑工程与管理\", \"工程教育\", \"环境与生态工程\", \"计算机科学\", \"化学\", \"数学\", \"物理\", \"生物科学\", \"统计学\", \"地球大气与行星科学\"]', '$30,964', '$10,030');
INSERT INTO `sais_college` VALUES (47, '南加州大学', 'University of Southern California', 'US', '加利福尼亚州', 115, 17.70, 'USNews美国', 22, '[\"会计\", \"企业管理\", \"石油工程等\"]', 'University_of_Southern_California.png', '南加利福尼亚大学（University of Southern California），又译南加州大学，简称南加大（USC），是美国西海岸最古老的顶尖私立研究型大学，世界著名高等学府，位于美国加利福尼亚州洛杉矶市，1880年由监理会创立，是美国大学协会（AAU）成员、环太平洋大学联盟成员。', 43401, 18810, 24591, 9.00, 14.20, 0.00, '1月15日', '', '', 6.00, 2040, 90.00, 3.00, 90.00, '[\"资金证明\", \"普通申请表及补充写作材料\", \"高中正式成绩单：中英文各一份\", \"Essay\", \"课外活动列表\", \"推荐信\", \"申请费：$80\", \"语言成绩：TOEFL/IELTS /PTE\", \"面试\", \"标准化考试成绩\"]', '[\"资金证明\", \"本科阶段的正式成绩单\", \"个人陈述\", \"3封推荐信\", \"写作样本\", \"个人作品：主要申请艺术或建筑专业的学生\", \"本科毕业证/学位证\"]', '[\"金融硕士\", \"MBA项目\", \"PhD项目\", \"市场营销硕士\", \"医疗管理硕士\", \"商业分析硕士\", \"创业与创新硕士\", \"工商管理理学硕士\", \"国际物流管理硕士\", \"管理研究硕士\", \"社会企业管理硕士\", \"PhD项目\", \"会计硕士\", \"商业税收硕士\", \"计算机科学\", \"机械与航空航天工程\", \"生物医学工程\", \"石油工程\", \"电气与计算机工程\", \"金融工程硕士\", \"工业与系统工程\", \"宇航工程\", \"化学工程与材料科学\", \"土木与环境工程\", \"传播信息学硕士\", \"空间信息学硕士\", \"网络安全工程硕士\", \"数据信息学硕士\", \"化学\", \"经济学\", \"英语\", \"地球科学\", \"数学\", \"心理学\", \"临床心理学\", \"生物科学\", \"应用心理学\", \"物理与天文\", \"创意写作与文学\", \"其它专业\", \"建筑学\", \"剧本写作\", \"动画与数字艺术\", \"批判研究\", \"互动媒体\", \"影视制作\", \"制片\", \"媒体艺术与应用\", \"传播学\", \"新闻学\", \"数字与社会媒体\", \"公共外交\", \"战略公共关系\", \"全球传播\", \"战略公共关系硕士\", \"高级国际牙医外科博士\", \"颅面生物学\", \"婚姻与家庭治疗\", \"英语外教\", \"教育咨询\", \"教育领导\", \"城市教育政策\", \"师范硕士项目\", \"婚姻与家庭治疗\", \"美术\", \"艺术策展\", \"MS项目\", \"MA项目\", \"PhD项目\", \"职业疗法\", \"物理疗法\", \"医疗保健项目\", \"生物运动机能\", \"比较法\", \"LLM项目\", \"海外项目\", \"LLM-JD项目\", \"公共卫生\", \"MD项目\", \"麻醉护理\", \"全球健康医学\", \"生物医学科学\", \"分子药理学与毒理学\", \"临床与实验治疗学\", \"医药监管\", \"规划硕士\", \"公共管理硕士\", \"PhD项目\", \"MSW项目\", \"戏剧艺术学院\"]', '$55,320', '$15,395');
INSERT INTO `sais_college` VALUES (48, '圣路易斯华盛顿大学', 'Washington University in St. Louis', 'US', '密苏里州', 100, 16.70, 'USNews美国', 19, '[\"计算机工程\", \"电气与系统工程\", \"能源工程\", \"环境工程与化学工程\", \"机械工程\"]', 'Washington_University_.png', '圣路易斯华盛顿大学（Washington University in St.louis，简称Wash. U.或WUSTL）成立于1853年，是一所中等大小的私立综合性大学，位于美国中西部密苏里州的中型城市圣路易斯。1976年，校董事会为了将学校区分于其他二十余所含有“华盛顿”字样的大学，在校名后添加了学校所在城市“in St. Louis”作为后缀。全校诺贝尔奖获得者有22名，包括1927年物理学奖获得者阿瑟·康普顿以及1993年经济学奖获得者道格拉斯·诺斯。\r\n圣路易斯华盛顿大学共有四个校区，分别是：丹佛斯校区（Danforth Campus）、西校区、北校区、医学院校区、泰森校区（Tyson）；\r\n丹佛斯校区是全校的主体，包括：文理学院、工程学院、建筑学与城市规划学院、艺术学院、商学院、法学院；\r\n西校区主要是学校档案馆以及会议中心所在；\r\n北校区：后勤管理机构；北校区与西校区少有学生关注；\r\n医学院校区：华盛顿大学医学院所在地；占地164英亩，向东延伸至森林公园；里面有Barnes-Jewish 医院和圣路易斯儿童医院，很多建筑之间都是通过走廊与天桥相联系的；\r\n泰森研究中心：位于圣路易斯以西的梅勒美克（Meramec）河畔，占地2000英亩。主要用于生物领域的教育研究中心。\r\n圣路易斯华盛顿大学下设14个图书馆，是密苏里州最大的图书馆系统，馆内藏书四百二十万卷，主要的图书馆即奥林图书馆。', 12951, 6841, 7649, 8.00, 8.00, 0.00, '', '', '', 6.00, 1470, 100.00, 6.00, 100.00, '[\"普通申请表\", \"申请费：$75\", \"教师推荐信\", \"高中成绩单\", \"标准考试成绩：SAT/ACT\", \"期中考试报告（Mid-Year Report）\", \"语言成绩：TOEFL/IELTS\", \"个人作品：主要面向艺术学院的学生\", \"申请建筑学院的学生建议附加个人作品\"]', '[\"在线申请表（The online application）\", \"本科和研究生（如有）正式成绩单\", \"3封推荐信\", \"申请费\", \"GRE成绩单\", \"GRE成绩单\", \"其它材料或面试：如个人简历、个人陈述、写作样本、个人作品等项目\"]', '[\"金融硕士\", \"PhD项目\", \"国际管理\", \"创业管理\", \"会计硕士\", \"工商管理-金融博士项目\", \"物流管理硕士\", \"运营与供应链管理\", \"商业管理与咨询\", \"商业咨询\", \"医疗保健业务\", \"战略咨询\", \"人力资源咨询\", \"金融管理\", \"投资银行与企业金融\", \"投资银行与资本市场与贸易\", \"私募股权投资与创业投资\", \"资产管理\", \"创业管理\", \"品牌管理\", \"生产管理\", \"供应链咨询\", \"客户分析硕士\", \"国际金融硕士\", \"临床心理学\", \"工程教育专业项目\", \"生物工程系\", \"计算机科学与工程系\", \"电气与系统工程系\", \"能源、环境与化学工程系\", \"机械工程与材料科学系\", \"人类学\", \"历史\", \"生物化学\", \"无机化学\", \"政治学\", \"化学\", \"比较文学\", \"经济学\", \"数学\", \"音乐\", \"哲学\", \"心理学\", \"地质学\", \"音乐学\", \"工商管理\", \"教育研究\", \"物理学\", \"政治经济学\", \"生物无机化学\", \"生物有机化学\", \"地球与行星科学\", \"行星科学\", \"分析化学\", \"材料化学\", \"师范教育\", \"有机化学\", \"物理化学\", \"地球化学\", \"公共经济学\", \"教育学\", \"运动科学\", \"跨学科研究\", \"写作\", \"妇女与性别研究\", \"宏观经济学\", \"东亚语言与文化\", \"生物力学\", \"地球生物学\", \"西班牙语言文学\", \"生物物理化学\", \"法语语言文学\", \"音乐作曲\", \"艺术史与考古学\", \"生物学和生命科学\", \"汉语与比较文学\", \"汉语语言文学\", \"英美文学\", \"英语与比较文学\", \"法语与比较文学\", \"德语与比较文学\", \"日耳曼语言文学\", \"日语与比较文学\", \"哲学、神经科学与心理学\", \"西班牙语与比较文学\", \"言语及听觉学\", \"东亚研究与商业管理\", \"东亚研究与法律\", \"社会文化人类学\", \"医学人类学\", \"考古\", \"体质人类学\", \"核化学\", \"有机金属化学\", \"聚合物化学\", \"放射化学\", \"光谱与理论化学\", \"生物无机化学\", \"生物物理化学\", \"成像科学\", \"激光光谱\", \"磁共振\", \"主要化学组\", \"材料化学\", \"金属有机化学\", \"希腊与拉丁语言与文学\", \"古代文学表现\", \"古代哲学\", \"古代历史\", \"材料文化\", \"古代音乐\", \"世界文学\", \"文学理论\", \"翻译研究\", \"国际与多元文化理论\", \"比较戏剧\", \"对比艺术\", \"文学、政治与社会研究\", \"叙事理论\", \"媒体生态、历史与诗歌\", \"国际作家\", \"翻译研究\", \"语言教学\", \"地球动力学\", \"经济理论\", \"产业组织\", \"公共金融学\", \"发展经济学\", \"城市教育\", \"政策研究\", \"理学与数学教育\", \"第二语言研究\", \"中世纪英美文学\", \"早期现代英美文学\", \"早期美国文学\", \"18世纪英国文学\", \"19世纪英国文学\", \"19世纪美国文学\", \"20-21世纪英国文学\", \"文学理论\", \"20-21世纪美国文学\", \"非裔美国文学与文化\", \"爱尔兰文学\", \"后殖民英语语言文学\", \"性别与性研究\", \"现代主义文学\", \"诗歌\", \"17-19世纪美国历史\", \"20世纪美国历史\", \"非洲历史\", \"中欧历史\", \"近代早期欧洲历史\", \"东亚历史\", \"美国政治文化史\", \"国际城市规划史\", \"中东历史\", \"中世纪地中海世界宗教学\", \"代数\", \"代数几何\", \"实分析与复分析\", \"微分几何\", \"拓扑结构\", \"统计\", \"生物能量学\", \"生物控制学\", \"民族音乐学\", \"声乐表演\", \"音乐理论\", \"钢琴演奏与教学法\", \"键盘研究\", \"天体物理学与空间科学\", \"凝聚态与材料物理\", \"生物学与医学物理应用\", \"核物理\", \"天体物理\", \"基本粒子\", \"多体理论\", \"美国政治\", \"比较政治学\", \"形式理论\", \"国际政治\", \"法律与法院\", \"规范理论\", \"政治方法\", \"行为、大脑与认知心理学\", \"临床心理学\", \"老龄化与发展心理学\", \"社会与人格发展心理学\", \"工商管理-金融博士项目\", \"建筑学硕士\", \"景观设计硕士\", \"城市设计硕士\", \"高级建筑设计硕士\", \"可持续城市规划博士项目\", \"视觉艺术硕士\", \"建筑学与社会工作双学位硕士项目\", \"建筑学与建筑管理双学位硕士项目\", \"景观设计与社会工作双学位硕士项目\", \"城市规划设计与社会工作双学位硕士项目\", \"城市规划设计与建筑管理双学位硕士项目\", \"视觉艺术硕士\", \"建筑学硕士\", \"景观设计硕士\", \"城市规划设计硕士\", \"建筑学硕士\", \"高级建筑设计硕士\", \"专业名称\", \"生物化学\", \"遗传学\", \"神经内科\", \"神经外科\", \"精神病学\", \"放射肿瘤学\", \"放射科\", \"分子微生物学\", \"发育生物学\", \"解剖学和神经生物学\", \"麻醉学\", \"生物化学与分子生物物理学\", \"细胞生物学和生理学\", \"医学\", \"妇产科\", \"眼科及视觉科学\", \"骨科\", \"耳鼻喉科学\", \"病理学和免疫\", \"儿科\", \"外科手术\", \"计算和分子生物物理学\", \"计算与系统生物学\", \"发育，再生和干细胞生物学\", \"进化，生态学和种群生物学\", \"人类和统计遗传学\", \"分子细胞生物学\", \"分子遗传学和基因组学\", \"分子微生物学和微生物致病\", \"神经科学\", \"植物暨微生物生物科学\", \"免疫学\", \"历史\", \"经济学\", \"商学\", \"艺术/戏剧/音乐\", \"英语/新闻学\", \"国际研究/语言\", \"通识教育/人文科学\", \"哲学/心理学\", \"政治科学/政策\", \"社会科学\", \"税法硕士\", \"国外律师学习美国法硕士\", \"法学研究博士\", \"法律研究硕士\", \"社会工作硕士\", \"公共卫生硕士\", \"社会工作博士项目\", \"公共卫生科学博士项目\", \"公共卫生与工商管理双学位硕士项目\", \"公共卫生与职业疗法双学位项目\", \"社会工作与建筑学双学位硕士项目\", \"社会工作与工商管理双学位硕士项目\", \"社会工作与神学双学位硕士项目\", \"社会工作与教育学双学位硕士项目\", \"社会工作与法学双学位硕士项目\", \"社会工作与田园农牧研究双学位硕士\", \"社会工作与公共卫生双学位硕士\", \"社会工作硕士\", \"社会工作本硕连读项目\", \"社会工作博士项目\", \"公共卫生硕士\", \"公共卫生学博士项目\", \"流行病学与生物统计学\", \"全球卫生学\", \"卫生政策与分析\", \"城市设计\", \"人类学\", \"历史\", \"可持续发展\", \"英语\", \"心理学\", \"生物学\", \"应用数学\", \"人类学\", \"英语\", \"创意写作\", \"人力资源管理\", \"商学\", \"教育学\", \"统计学\", \"国际事务\", \"教育学\", \"地理信息系统\", \"应用行为分析\", \"临床研究管理\", \"传播学\", \"经济学或管理经济学\", \"全球领导与管理\", \"保健\", \"工业与组织心理学\", \"国际研究\", \"新闻学\", \"数学或应用数学\", \"政治科学\", \"公共政策与管理本硕连读项目\", \"公共政策与管理\", \"艺术副学士学位\", \"辅修专业\", \"本科荣誉项目\", \"临床研究管理\", \"企业管理、领导与创新\", \"法医心理学\", \"体研究\", \"战略传播\", \"可持续社区与开发\", \"可持续环境与科学\", \"可持续管理与组织\", \"美国文化研究\", \"博雅硕士\", \"非营利机构管理\", \"生物师范教育\", \"临床研究管理\", \"博雅博士\"]', '$50,650', '$16,006');
INSERT INTO `sais_college` VALUES (49, '伦敦大学玛丽女王学院', 'Queen Mary University of London', 'UK', '英格兰', 119, 0.00, '泰晤士报英国', 46, '[\"英语系\", \"戏曲系\", \"电影研究\"]', 'Queen_Mary_University_of_London.png', '伦敦玛丽王后大学（Queen Mary University of London ，以英国玛丽王后命名 ，又译伦敦大学玛丽皇后学院、伦敦大学玛丽女王学院, 世界一流研究型大学，英国常春藤联盟罗素大学集团成员，英联邦大学联盟成员。伦敦玛丽女王大学是享有国际声誉的伦敦大学联盟中规模最大的学院之一，同时也是伦敦大学联盟中唯一一个将教学、研究及住宿场所都设于伦敦中心的校园式大学。伦敦玛丽女王大学的主校园坐落于伦敦东区的Mile End，其他3个校区皆位于市区中心地带。学校现有学生近20000多人，包括来自100多个国家，超过7000多人的海外留学生，增进了学校的多元化色彩。时至今日，曾就读校友中，包括7名诺贝尔奖获得者和其它各行业领袖。\r\n伦敦玛丽女王大学在2019年QS世界大学排名中位列第119位，在2018年泰晤士英国大学排名位列英国43位，2017年世界大学学术排名第151位。其经济金融学院在16/17年度排名位列全球39位。其毕业生广受雇主青睐，在2014年《卫报》大学指南中，评为“学生就业能力和毕业生起薪最佳大学之一”，据《星期日泰晤士报》报道，其毕业生起薪排全英第8。', 15960, 11380, 3540, 7.20, 14.50, 43.80, '', '', '', 6.00, 9999, 6.50, 6.00, 65.00, '[]', '[]', '[\"数学\", \"研究型项目\", \"其它专业\", \"生物工程\", \"法学院预科\", \"其它专业\"]', '', '');
INSERT INTO `sais_college` VALUES (50, '马里兰大学学院公园分校', 'University of Maryland,College Park', 'US', '马里兰州', 126, 44.70, 'USNews美国', 63, '[\"农业科技\", \"人类学\", \"心理学\"]', 'University_of_Maryland_College_Park_a7wMtZR.png', '马里兰大学学院公园分校(University of Maryland,College Park，缩写UMD或UMCP)，或译马里兰大学学院市分校，是一所位于美国东部小城学院公园市的大型公立综合性全国大学，成立于1856年，提供本科、硕士、博士、文凭课程(Certificate)四种学位类型;该校与华盛顿距离约8里。马里兰大学系统是美国第12大大学系统，由13所马里兰高等教育机构组成的大学系统。马里兰大学公园分校是马里兰大学系统十四所高等教育机构中历史最久、最大、最好的一所，同时也是整个大华盛顿地区最大的一所高校，该校被评为公立常春藤院校之一。', 38140, 27443, 10697, 16.00, 4.00, 0.00, '', '', '', 3.81, 1260, 100.00, 3.00, 84.00, '[]', '[]', '[]', '$32,044', '$4,814');
INSERT INTO `sais_college` VALUES (51, '兰卡斯特大学', 'Lancaster University', 'UK', '英格兰', 131, 18.40, '泰晤士报英国', 6, '[\"传媒\", \"社会工作\", \"会计与金融\", \"社会学\", \"政治学\"]', 'Lancaster_University.png', '兰卡斯特大学始建于1964年，位于英格兰的兰开夏郡，现共有2250名工作人员和17415名学生。兰卡斯特大学享有着非常好的学术声誉，一直在英国大学排名中名列前茅。2008年英国卫报优秀大学指南中，兰卡斯特大学在英国113所大学中名列第23。在近期一次的科研实力评估中，兰卡斯特大学被评为最佳研究机构之一，名列第17。', 13080, 9260, 2215, 7.90, 27.80, 45.40, '', '', '', 6.00, 9999, 6.50, 6.00, 6.50, '[\"雅思成绩\", \"TOEFL成绩单\"]', '[\"推荐信\", \"本科成绩单\", \"语言成绩：TOEFL/IELTS /PTE\", \"在读证明/毕业证明\"]', '[\"计算机科学\", \"化学理论与计算\", \"合成化学\", \"分析化学\", \"网络安全\", \"生物医学\", \"癌症与细胞生物学\", \"老龄化与发展心理学\", \"人文科学\", \"工程地质\", \"电气工程\", \"计算机工程\", \"物理\", \"金融分析硕士\", \"技术、管理与国际贸易\", \"会计与金融\"]', '13270-17470英镑/年', '7840英镑/年');
INSERT INTO `sais_college` VALUES (52, '约克大学（英国）', 'University of York', 'UK', '英格兰', 134, 15.00, '泰晤士报英国', 22, '[\"计算机，历史\"]', 'University_of_York.png', '约克大学（University of York）是一所大型公立综合性大学，成立于1963年，位于英格兰约克市市区，属罗素大学集团。\r\n\r\n约克大学亦是N8研究联盟成员之一，虽然相比其他名校，它还很年轻，但是其发展速度却相对的快；约克大学在世界年轻大学排名第8位，在英国其声誉仅次于牛剑；约克大学在2012年正式加入了罗素大学集团成为其中一员。', 17405, 12165, 5240, 12.00, 24.00, 0.00, '', '', '', 6.00, 9999, 6.00, 6.00, 6.00, '[\"高中成绩单\", \"资金证明\", \"UCAS在线申请表\", \"托福/雅思\", \"A-level或IB课程成绩等\", \"1篇Essay及1封推荐信\", \"高中毕业证/高中在读证明\"]', '[]', '[]', '￡16,200', '￡9,000');
INSERT INTO `sais_college` VALUES (53, '匹兹堡大学', 'University of Pittsburgh', 'US', '宾夕法尼亚州', 136, 53.90, 'USNews美国', 70, '[]', 'University_of_Pittsburgh.png', '匹兹堡大学（University of Pittsburgh，简称PITT）成立于1787年，是美国第十所最早的大学且学术声望非常高。匹兹堡大学在其匹兹堡市区的校区内共有本科、研究生阶段的17所。匹大另有4所本科学院坐落于宾夕法尼亚西部地区，分别是：布兰德福德（Bradford Campus）、格林斯堡（Greensburg Campus）、约翰斯敦（Johnstown Campus）和泰特斯维尔（Titusville Campus）。', 25464, 18908, 9741, 14.00, 4.00, 0.00, '12月15日', '', '', 3.76, 1260, 100.00, 3.20, 100.00, '[\"申请表\", \"SAT/ACT成绩单\", \"TOEFL成绩单\", \"申请费\", \"资金证明\", \"高中成绩单\", \"TOEFL/IELTS成绩\", \"SAT/ACT+写作成绩单\"]', '[\"申请表\", \"推荐信\", \"申请费\", \"个人陈述\", \"个人简历\", \"GRE/GMAT成绩\", \"资金证明\", \"TOEFL/IELTS成绩\", \"成绩单\"]', '[\"商业分析\", \"物流管理\", \"会计\", \"市场营销\", \"信息系统管理\", \"人力资源管理\", \"PhD项目\", \"创业学\", \"项目管理\", \"金融\", \"金融咨询\", \"战略与企业管理\", \"人力资源咨询\", \"品牌管理\", \"市场研究硕士\", \"金融与投资管理\", \"商业分析与运营\", \"信息系统与技术管理\", \"市场营销与商业经济学\", \"组织与企业管理\", \"银行与金融机构\", \"企业融资\", \"IT咨询\", \"消费者分析\", \"产品管理\", \"数字营销\", \"绩效咨询\", \"组织行为与人力资源管理\", \"管理咨询\", \"业务发展\", \"商业分析与运营\", \"信息系统与技术管理\", \"计算机工程\", \"环境工程\", \"生物技术\", \"计算机工程\", \"交通工程\", \"生物力学\", \"能源与环境\", \"电力工程\", \"结构工程与力学\", \"水利工程\", \"陶瓷加工\", \"微纳米技术\", \"催化\", \"材料\", \"多尺度建模\", \"建筑管理与绿色建筑\", \"地址技术与路面工程\", \"可持续与绿色设计\", \"电子与光学设备\", \"信号与系统，含信号处理、图像处理、模式识别及控制\", \"电子与光学设备\", \"计算力学与流体力学\", \"腐蚀与氧化\", \"动力系统与控制\", \"能源技术\", \"高温材料\", \"高温超导\", \"磁性材料\", \"力学与材料\", \"陶瓷、智能、结构材料及其微波与机电特性\", \"金属陶瓷系统相变\", \"智能结构与设备\", \"热流体工程\", \"材料热力学\", \"钢、合金及其热机械加工\", \"生物化学\", \"计算机科学\", \"化学\", \"土木与环境工程\", \"经济学\", \"数学\", \"分子生物学\", \"心理学\", \"考古学\", \"音乐学\", \"计算生物学\", \"生态学\", \"微生物学\", \"生物工程\", \"临床心理学\", \"物理人类学\", \"凝聚态物理\", \"粒子物理\", \"遗传学\", \"工业工程\", \"天文物理\", \"生物保护\", \"统计学\", \"人工智能\", \"病毒学\", \"认知心理学\", \"发展心理学\", \"社会心理学\", \"生物科学\", \"物理教育\", \"物理和天文学\", \"生物医学信息学\", \"口腔生物学\", \"机械工程与材料科学\", \"统计学硕士\", \"统计学博士\", \"英语硕士\", \"结构生物学\", \"环境生物学\", \"动物行为学\", \"细胞生物学\", \"发育生物学\", \"民族音乐学\", \"应用统计学硕士\", \"社会与文化人类学\", \"生物多样性\", \"进化学\", \"系统发生学\", \"群体基因组学\", \"化学和石油工程\", \"文化与批评博士\", \"电影研究博士\", \"写作硕士\", \"应用语言学\", \"应用语言学+TESOL证书\", \"西班牙语语言学\", \"作曲与理论\", \"爵士研究\", \"生物与健康心理学\", \"临床心理学-发展心理学\", \"临床心理学-卫生科学\", \"认知神经科学方向\", \"戏剧与表演研究硕士项目\", \"戏剧与表演研究硕博连读项目\", \"戏剧与表演研究博士项目\", \"表演教育硕士项目\", \"信息技术\", \"PhD项目\", \"计算机网络\", \"大数据分析\", \"政策与管理\", \"人本计算\", \"信息安全\", \"公共图书馆\", \"无线通信\", \"通信安全\", \"数字图书馆\", \"档案学与信息科学\", \"学术图书馆\", \"图书资源与服务-青少年\", \"图书资源与服务-卫生\", \"图书资源与服务-参考引用\", \"一般方向\", \"数据库与网络系统\", \"地理信息学\", \"远程通信与分布式系统\", \"远程通信系统\", \"其它项目\", \"法学研究博士\", \"法学研究硕士（MSL）\", \"核工程\", \"STEM教育\", \"数学教育\", \"科学教育\", \"运动生理学\", \"高等教育管理\", \"视觉研究\", \"应用发展心理学\", \"早期教育\", \"外语教育\", \"阅读教育\", \"学校领导\", \"应用行为分析\", \"社会科教育\", \"社会与比较教育研究\", \"运动发育\", \"健康与健身\", \"健康、运动与慢性病\", \"早期干预\", \"残障学生教育\", \"英语及沟通教育\", \"一般特殊教育\", \"语言、读写能力与文化\", \"特殊教育师范教育\", \"学习科学与政策\", \"研究方法学\", \"物理疗法\", \"职业疗法\", \"远程通信与网络\", \"言语及听力科学\", \"运动医学\", \"语言性质或语言学概论\", \"语言发展\", \"语音转录\", \"言语听力生理学与解剖学\", \"沟通障碍临床评估与治疗\", \"健康信息管理\", \"康复咨询\", \"康复科学与技术\", \"免疫学\", \"细胞与分子病理学\", \"临床研究\", \"细胞生物学和分子生理学\", \"分子遗传学与发育生物学\", \"分子药理学\", \"分子病毒学和微生物学\", \"护理硕士\", \"社会工作博士\", \"护理博士\", \"护理PhD\", \"药剂学\", \"交叉学科项目\", \"药物化学\", \"生物化学\", \"临床医药科学项目\", \"能源与环境\", \"公共与非营利机构管理\", \"城市与区域事务\", \"政策研究分析\", \"治理与国际公共管理\", \"国际政治经济学\", \"人类安全\", \"安全与情报研究\", \"发展规划与环境的可持续\", \"非政府机构与城市社会\"]', '$29,728', '$11,582');

-- ----------------------------
-- Table structure for sais_complaint
-- ----------------------------
DROP TABLE IF EXISTS `sais_complaint`;
CREATE TABLE `sais_complaint`  (
  `id` int(8) UNSIGNED NOT NULL AUTO_INCREMENT COMMENT '主键',
  `content` varchar(255) CHARACTER SET utf8mb4 COLLATE utf8mb4_general_ci NOT NULL,
  `mail` varchar(50) CHARACTER SET utf8mb4 COLLATE utf8mb4_general_ci NOT NULL,
  `phone` varchar(50) CHARACTER SET utf8mb4 COLLATE utf8mb4_general_ci NOT NULL,
  PRIMARY KEY (`id`) USING BTREE
) ENGINE = InnoDB AUTO_INCREMENT = 3 CHARACTER SET = utf8mb4 COLLATE = utf8mb4_general_ci ROW_FORMAT = Dynamic;

-- ----------------------------
-- Records of sais_complaint
-- ----------------------------
INSERT INTO `sais_complaint` VALUES (2, '投诉测试', 'wrong@mail.ustc.edu.cn', '18862127617');

-- ----------------------------
-- Table structure for sais_friends
-- ----------------------------
DROP TABLE IF EXISTS `sais_friends`;
CREATE TABLE `sais_friends`  (
  `id` int(11) NOT NULL AUTO_INCREMENT,
  `user_id` int(11) NOT NULL,
  `friend_id` int(11) NOT NULL,
  `status` tinyint(1) NOT NULL DEFAULT 0 COMMENT '0:未关注；1:已关注',
  `addtime` datetime(6) NOT NULL,
  PRIMARY KEY (`id`) USING BTREE
) ENGINE = MyISAM AUTO_INCREMENT = 37 CHARACTER SET = utf8 COLLATE = utf8_general_ci ROW_FORMAT = Fixed;

-- ----------------------------
-- Records of sais_friends
-- ----------------------------
INSERT INTO `sais_friends` VALUES (34, 6, 9, 1, '2019-04-08 01:05:12.692000');
INSERT INTO `sais_friends` VALUES (35, 9, 6, 1, '2019-04-08 01:05:38.487000');
INSERT INTO `sais_friends` VALUES (36, 10, 6, 0, '2019-04-08 14:37:01.975000');

-- ----------------------------
-- Table structure for sais_post
-- ----------------------------
DROP TABLE IF EXISTS `sais_post`;
CREATE TABLE `sais_post`  (
  `id` int(8) NOT NULL AUTO_INCREMENT,
  `content` text CHARACTER SET gb2312 COLLATE gb2312_chinese_ci NOT NULL,
  `addtime` datetime(0) NOT NULL,
  `nickname` varchar(200) CHARACTER SET utf8 COLLATE utf8_general_ci NOT NULL,
  `user_id` int(8) NOT NULL,
  `pid` int(8) NOT NULL DEFAULT 0 COMMENT '上级id',
  `post_type` tinyint(1) NOT NULL DEFAULT 0 COMMENT '微博标示： 0 发布 ；1评论；2转发',
  `parent_user_id` int(8) NOT NULL DEFAULT 0 COMMENT '回复人的id',
  `forward_num` int(8) NOT NULL DEFAULT 0 COMMENT '转发数量',
  `comment_num` int(8) NOT NULL DEFAULT 0 COMMENT '评论数',
  `praise_num` int(8) NOT NULL DEFAULT 0 COMMENT '点赞数',
  PRIMARY KEY (`id`) USING BTREE
) ENGINE = MyISAM AUTO_INCREMENT = 361 CHARACTER SET = utf8 COLLATE = utf8_general_ci ROW_FORMAT = Dynamic;

-- ----------------------------
-- Records of sais_post
-- ----------------------------
INSERT INTO `sais_post` VALUES (353, '发帖测试', '2019-04-08 01:03:40', '韩立', 9, 0, 0, 0, 1, 0, 0);
INSERT INTO `sais_post` VALUES (354, '自己转发测试', '2019-04-08 01:03:50', '韩立', 9, 353, 2, 0, 1, 2, 2);
INSERT INTO `sais_post` VALUES (355, '自己评论测试', '2019-04-08 01:03:59', '韩立', 9, 354, 1, 9, 0, 0, 0);
INSERT INTO `sais_post` VALUES (356, '他人转发测试', '2019-04-08 01:04:38', '苏铭', 6, 354, 2, 0, 1, 0, 3);
INSERT INTO `sais_post` VALUES (357, '他人评论测试', '2019-04-08 01:04:48', '苏铭', 6, 354, 1, 9, 0, 0, 0);
INSERT INTO `sais_post` VALUES (358, '哈哈', '2019-04-08 14:35:19', 'fuyang', 10, 0, 0, 0, 0, 1, 1);
INSERT INTO `sais_post` VALUES (359, '123', '2019-04-08 14:35:31', 'fuyang', 10, 358, 1, 10, 0, 0, 0);
INSERT INTO `sais_post` VALUES (360, '1', '2019-04-08 14:36:02', 'fuyang', 10, 356, 2, 0, 0, 0, 0);

-- ----------------------------
-- Table structure for sais_praise
-- ----------------------------
DROP TABLE IF EXISTS `sais_praise`;
CREATE TABLE `sais_praise`  (
  `id` int(11) NOT NULL AUTO_INCREMENT,
  `user_id` int(11) NOT NULL COMMENT '用户id',
  `post_id` int(11) NOT NULL COMMENT '收藏微博id',
  PRIMARY KEY (`id`) USING BTREE
) ENGINE = MyISAM AUTO_INCREMENT = 90 CHARACTER SET = utf8 COLLATE = utf8_general_ci ROW_FORMAT = Fixed;

-- ----------------------------
-- Records of sais_praise
-- ----------------------------
INSERT INTO `sais_praise` VALUES (84, 6, 356);
INSERT INTO `sais_praise` VALUES (85, 6, 354);
INSERT INTO `sais_praise` VALUES (86, 9, 356);
INSERT INTO `sais_praise` VALUES (87, 9, 354);
INSERT INTO `sais_praise` VALUES (88, 10, 358);
INSERT INTO `sais_praise` VALUES (89, 10, 356);

-- ----------------------------
-- Table structure for sais_slide
-- ----------------------------
DROP TABLE IF EXISTS `sais_slide`;
CREATE TABLE `sais_slide`  (
  `id` int(8) UNSIGNED NOT NULL AUTO_INCREMENT COMMENT '主键',
  `college_e_name` varchar(100) CHARACTER SET utf8mb4 COLLATE utf8mb4_general_ci NOT NULL COMMENT '学校英文名，不重复',
  `picture` varchar(255) CHARACTER SET utf8mb4 COLLATE utf8mb4_general_ci NOT NULL COMMENT '图片地址',
  PRIMARY KEY (`id`) USING BTREE,
  UNIQUE INDEX `college_e_name`(`college_e_name`) USING BTREE
) ENGINE = InnoDB AUTO_INCREMENT = 60 CHARACTER SET = utf8mb4 COLLATE = utf8mb4_general_ci ROW_FORMAT = Dynamic;

-- ----------------------------
-- Records of sais_slide
-- ----------------------------
INSERT INTO `sais_slide` VALUES (1, 'Massachusetts Institute of Technology', '20190218/5bc5b7512e77d5790a53544e1295614e.png');
INSERT INTO `sais_slide` VALUES (2, 'Stanford University', '20190218/6c9704e004466475b5192ca5bc2ce355.png');
INSERT INTO `sais_slide` VALUES (3, 'Harvard University', '20190218/92f44e102d8d6f06a93b19e756f08a78.png');
INSERT INTO `sais_slide` VALUES (4, 'California Institute of Technology', '20190218/1eb6061cabc4ca6e67520fca8e029b92.png');
INSERT INTO `sais_slide` VALUES (5, 'University of Oxford', '20190218/021665684147c349c6591916c215dc34.png');
INSERT INTO `sais_slide` VALUES (6, 'University of Cambridge', '20190218/66b1ec45fa5480958b88c1295def2907.png');
INSERT INTO `sais_slide` VALUES (7, 'Imperial College London', '20190218/707789ca49a36a94670ccd1a7a7b4fe9.png');
INSERT INTO `sais_slide` VALUES (8, 'University of Chicago', '20190218/6003da57562b678d3de66de719071c32.png');
INSERT INTO `sais_slide` VALUES (9, 'University College London', '20190218/22ff8a4f4f38a9abc8a855661be56e34.png');
INSERT INTO `sais_slide` VALUES (10, 'Princeton University', '20190218/f55c8dddf4fa15dfeec68b3f60d01c64.png');
INSERT INTO `sais_slide` VALUES (11, 'Cornell University', '20190218/013e595131cce72726331456918a0356.png');
INSERT INTO `sais_slide` VALUES (12, 'Yale University', '20190218/dc25bef2fab13fd2be515f06937827a4.png');
INSERT INTO `sais_slide` VALUES (13, 'Columbia University', '20190218/1684668d7b6f4fb22410f336847502fe.png');
INSERT INTO `sais_slide` VALUES (14, 'The University of Edinburgh', '20190218/27c6eab2ae0c5113f391eb8401991189.png');
INSERT INTO `sais_slide` VALUES (15, 'University of Pennsylvania', '20190218/8828346f960ace6fdcfdbdc7d1913ad5.png');
INSERT INTO `sais_slide` VALUES (16, 'University of Michigan, Ann Arbor', '20190218/4e5b8b10ef3abbc9534f4945847f647b.png');
INSERT INTO `sais_slide` VALUES (17, 'Johns Hopkins University', '20190218/601875163d87cf8f6b175fe62d48f4df.png');
INSERT INTO `sais_slide` VALUES (18, 'Duke University', '20190218/9688ac97c50905f1f83bc5b95f983ebe.png');
INSERT INTO `sais_slide` VALUES (19, 'University of California, Berkeley', '20190218/a3fa12d8de976ed69397ea184f8de43f.png');
INSERT INTO `sais_slide` VALUES (20, 'The University of Manchester', '20190218/018656ed02b3076c16e8bd796a005ef0.png');
INSERT INTO `sais_slide` VALUES (21, 'King\'s College London', '20190218/44c9d42111e54bbbd0de3a78271ca942.png');
INSERT INTO `sais_slide` VALUES (22, 'University of California, Los Angeles', '20190218/ba4c26fcfca00c5fff15e5de846cae30.png');
INSERT INTO `sais_slide` VALUES (23, 'Northwestern University', '20190218/13d22b8f3e031042b8e040d4225e50b5.png');
INSERT INTO `sais_slide` VALUES (24, 'The London School of Economics and Political Science', '20190218/1ac738f4aec4d422ff8dc4b08e88e0da.png');
INSERT INTO `sais_slide` VALUES (25, 'University of California, San Diego', '20190218/855151b0ce70fd758602c6eb2b21bc4b.png');
INSERT INTO `sais_slide` VALUES (26, 'New York University', '20190218/45631f607c24451da430398c07287558.png');
INSERT INTO `sais_slide` VALUES (27, 'University of Bristol', '20190218/9971c69891331c1b03cf226d7843353e.png');
INSERT INTO `sais_slide` VALUES (28, 'University of Wisconsin-Madison', '20190218/0c33ce67c26a5ec182344ead095b4af7.png');
INSERT INTO `sais_slide` VALUES (29, 'The University of Warwick', '20190218/12d3d6c79b1f11581ad2a234feef247b.png');
INSERT INTO `sais_slide` VALUES (30, 'Brown University', '20190218/d3b69b580406086bb8f84742e74fed68.png');
INSERT INTO `sais_slide` VALUES (31, 'University of Washington', '20190218/02ccd85cab3d99905b0452136dc70c29.png');
INSERT INTO `sais_slide` VALUES (32, 'University of Glasgow', '20190218/132c03271dea80aa1c6c7fcd8d8b2c7d.png');
INSERT INTO `sais_slide` VALUES (33, 'Georgia Institute of Technology', '20190218/fbf2cf4256b4af6ed49055de5dfd3cc8.png');
INSERT INTO `sais_slide` VALUES (34, 'University of Illinois at Urbana-Champaign', '20190218/e6fb14c6924b5aac3e4e862820cfa69f.png');
INSERT INTO `sais_slide` VALUES (35, 'Durham University', '20190218/17e42f9e6b1a60b45abc7272173c801a.png');
INSERT INTO `sais_slide` VALUES (36, 'The University of Sheffield', '20190218/8b677e068a646f71510f3d819c533c00.png');
INSERT INTO `sais_slide` VALUES (37, 'University of Birmingham', '20190218/59ba710c7126cf2b2ee6d53743f682ce.png');
INSERT INTO `sais_slide` VALUES (38, 'University of Nottingham', '20190218/f4dcc70637c27b2caa34856ee0046a60.png');
INSERT INTO `sais_slide` VALUES (39, 'University of North Carolina at Chapel Hill', '20190218/031617ed1e1a99c94c14e00745e1aa04.png');
INSERT INTO `sais_slide` VALUES (40, 'Rice University', '20190218/c7653d96f2bc69a3e3c4ca9b25afe224.png');
INSERT INTO `sais_slide` VALUES (41, 'Boston University', '20190218/b5e7f0f175eb854bf923c74ad3e47f52.png');
INSERT INTO `sais_slide` VALUES (42, 'University of Leeds', '20190219/5804a39fd57881676398c3e55351310f.png');
INSERT INTO `sais_slide` VALUES (43, 'University of Southampton', '20190219/b8edd2bfbc8ec9fe396a63e72671c7f2.png');
INSERT INTO `sais_slide` VALUES (44, 'University of St Andrews', '20190219/54fdb1a8dbb191c285f435e03ac2aae5.png');
INSERT INTO `sais_slide` VALUES (45, 'Purdue University, West Lafayette', '20190219/6e49ccdea7ad5fd7d40d9a3c017c796b.png');
INSERT INTO `sais_slide` VALUES (46, 'University of California, Davis', '20190219/d3ece9132a5207b29dd152e65f63279e.png');
INSERT INTO `sais_slide` VALUES (47, 'Washington University in St. Louis', '20190219/b8a847b48c598760df4eabde61690ad6.png');
INSERT INTO `sais_slide` VALUES (48, 'University of Southern California', '20190219/67e7b76a1f960741fbfec30c9e1368ae.png');
INSERT INTO `sais_slide` VALUES (49, 'Queen Mary University of London', '20190219/feb90147d9c413035b638882adb70346.jpg');
INSERT INTO `sais_slide` VALUES (50, 'University of Maryland,College Park', '20190219/426723d12134d2f9414f3aee9d91a416.png');
INSERT INTO `sais_slide` VALUES (51, 'Lancaster University', '20190219/2719a71208762e322430ea90c74610aa.png');
INSERT INTO `sais_slide` VALUES (52, 'University of California,Santa Barbara', '20190219/abf79cae7a96cfe1731eae0d8ba43316.png');
INSERT INTO `sais_slide` VALUES (53, 'University of York', '20190219/15537670bff6b5fe1b7e6075454d7bff.png');
INSERT INTO `sais_slide` VALUES (54, 'University of Pittsburgh', '20190219/9a773c2a43cb97dadd1729031b276fae.png');
INSERT INTO `sais_slide` VALUES (59, 'test', '20190405/ebbe6fb4700efb57c9c3d98db82ba2d8.jpg');

-- ----------------------------
-- Table structure for sais_user
-- ----------------------------
DROP TABLE IF EXISTS `sais_user`;
CREATE TABLE `sais_user`  (
  `id` int(8) UNSIGNED NOT NULL AUTO_INCREMENT COMMENT '主键',
  `account` varchar(50) CHARACTER SET utf8mb4 COLLATE utf8mb4_general_ci NOT NULL COMMENT '账号',
  `password` varchar(50) CHARACTER SET utf8mb4 COLLATE utf8mb4_general_ci NOT NULL COMMENT '密码',
  `nickname` varchar(255) CHARACTER SET utf8mb4 COLLATE utf8mb4_general_ci NOT NULL COMMENT '昵称',
  `loginip` varchar(20) CHARACTER SET utf8mb4 COLLATE utf8mb4_general_ci NOT NULL DEFAULT '' COMMENT '上次登录ip',
  `logintime` datetime(0) DEFAULT NULL COMMENT '上次登录时间',
  `addtime` datetime(0) NOT NULL COMMENT '注册时间',
  `comment` tinyint(1) NOT NULL DEFAULT 1 COMMENT '为1可以发言，0被禁言',
  `sex` tinyint(1) NOT NULL DEFAULT 0 COMMENT '性别：0保密；1男；2女',
  `qq` varchar(50) CHARACTER SET utf8 COLLATE utf8_general_ci NOT NULL DEFAULT '' COMMENT 'qq号',
  `email` varchar(255) CHARACTER SET utf8 COLLATE utf8_general_ci NOT NULL DEFAULT '' COMMENT '邮箱',
  `avatar` varchar(255) CHARACTER SET utf8 COLLATE utf8_general_ci NOT NULL DEFAULT 'avatar.jpg' COMMENT '头像',
  `posts_num` int(8) NOT NULL DEFAULT 0 COMMENT '发微博的数量',
  `follows_num` int(8) NOT NULL DEFAULT 0 COMMENT '关注数量',
  `fans_num` int(8) NOT NULL DEFAULT 0 COMMENT '粉丝数量',
  `phone` varchar(255) CHARACTER SET utf8mb4 COLLATE utf8mb4_general_ci NOT NULL DEFAULT '' COMMENT '电话',
  `gpa` double(4, 2) NOT NULL DEFAULT 0.00 COMMENT 'gpa',
  `sat` int(8) NOT NULL DEFAULT 0 COMMENT 'sat',
  `ielts` double(6, 2) NOT NULL DEFAULT 0.00 COMMENT '雅思',
  `toefl` double(6, 2) NOT NULL DEFAULT 0.00 COMMENT '托福',
  `recommend` json NOT NULL COMMENT '意向院校，里面是一个json数组，长度为150，下标为学校的qs排名',
  PRIMARY KEY (`id`) USING BTREE
) ENGINE = InnoDB AUTO_INCREMENT = 11 CHARACTER SET = utf8mb4 COLLATE = utf8mb4_general_ci ROW_FORMAT = Dynamic;

-- ----------------------------
-- Records of sais_user
-- ----------------------------
INSERT INTO `sais_user` VALUES (6, 'SuMing', 'e10adc3949ba59abbe56e057f20f883e', '苏铭', '0:0:0:0:0:0:0:1', '2019-04-08 01:04:25', '2019-04-05 21:01:44', 1, 0, '', '', '20190405/6951ce23974c6778e1f9094f13092a19.jpg', 1, 1, 1, '', 0.00, 0, 0.00, 0.00, '{\"1\": 2.384192700426821, \"2\": 2.419362146307253, \"3\": 2.3954476550545785, \"4\": 0.5788307609913044, \"5\": 0.5147070539460211, \"6\": 0.5122422571948347, \"8\": 0.9774766307295067, \"10\": 2.3858574901689806, \"13\": 4.995148234486556, \"14\": 5.250116126952147, \"15\": 4.993782195464995, \"16\": 4.29828280146989, \"18\": 2.361356576564841, \"19\": 1.5113376822910596, \"20\": 0.8866295867721329, \"21\": 0.4971691808511303, \"26\": 0.6947260894686278, \"27\": 0.8881363922171212, \"29\": 1.083469017659236, \"31\": 0.8870162826161522, \"32\": 0.6908072917336558, \"34\": 0.3103995364010211, \"38\": 0.01889992223276053, \"41\": 0.0027175481385547564, \"43\": 0.021217685735942966, \"51\": 6.103260461800939, \"53\": 9.45589206433879, \"54\": 10.18845840871226, \"56\": 8.89236860364706, \"66\": 1.452184195565508, \"69\": 2.2696740763210386, \"71\": 1.966307382218342, \"74\": 1.5262941481222247, \"75\": 1.7567990578331925, \"79\": 3.262251008944287, \"82\": 3.1665398523108323, \"83\": 3.2718102782360705, \"87\": 4.330970146407675, \"93\": 0.6953513558556275, \"96\": 0.07327314851247198, \"97\": 0.028337385153552816, \"100\": 0.0008995801450148427, \"115\": 3.9763458311193636e-17, \"119\": 2.4431513176538103e-22, \"126\": 3.942144058442547e-33, \"131\": 3.83815042157371e-42, \"132\": 4.4824096740799963e-44, \"134\": 4.5289999225784185e-48, \"136\": 3.067434423234132e-52}');
INSERT INTO `sais_user` VALUES (9, 'HanLi', 'e10adc3949ba59abbe56e057f20f883e', '韩立', '0:0:0:0:0:0:0:1', '2019-04-08 21:49:34', '2019-04-07 23:37:44', 1, 0, '3506932092', 'wrong@mail.ustc.edu.cn', '20190407/ef14727155572120ab3877ee67259f99.png', 2, 1, 1, '18862127617', 3.50, 1500, 6.50, 100.00, '{\"1\": 33.3, \"2\": 33.3, \"3\": 33.3, \"4\": 0, \"5\": 0, \"6\": 0, \"8\": 0, \"10\": 0, \"13\": 0, \"14\": 0, \"15\": 0, \"16\": 0, \"18\": 0, \"19\": 0, \"20\": 0, \"21\": 0, \"26\": 0, \"27\": 0, \"29\": 0, \"31\": 0, \"32\": 0, \"34\": 0, \"38\": 0, \"41\": 0, \"43\": 0, \"51\": 0, \"53\": 0, \"54\": 0, \"56\": 0, \"66\": 0, \"69\": 0, \"71\": 0, \"74\": 0, \"75\": 0, \"79\": 0, \"82\": 0, \"83\": 0, \"87\": 0, \"93\": 0, \"96\": 0, \"97\": 0, \"100\": 0, \"115\": 0, \"119\": 0, \"126\": 0, \"131\": 0, \"132\": 0, \"134\": 0, \"136\": 0}');
INSERT INTO `sais_user` VALUES (10, 'fuyang', 'e10adc3949ba59abbe56e057f20f883e', 'fuyang', '0:0:0:0:0:0:0:1', '2019-04-08 14:33:26', '2019-04-08 14:33:12', 1, 1, '', '', 'avatar.jpg', 2, 0, 0, '', 0.00, 0, 0.00, 0.00, '{\"1\": 29.91319600635919, \"2\": 29.51228335407925, \"3\": 28.423093955761978, \"4\": 5.241545559346098, \"5\": 3.693654727389206, \"6\": 2.3551782365542047, \"8\": 0.7093660528717135, \"10\": 0.14321853605841162, \"13\": 0.006137218876886821, \"14\": 0.0017583426476089842, \"15\": 0.00045583320627093945, \"16\": 0.00010692492651769385, \"18\": 0.000004358495665086057, \"19\": 0.0000007573929792336748, \"20\": 0.0000001190903258405391, \"21\": 0.000000016943465543898094, \"26\": 0.00000000000022038869962092125, \"27\": 0.00000000000001720831683422929, \"29\": 7.772275586792033e-17, \"31\": 2.3530989835160885e-19, \"32\": 1.1144023684520927e-20, \"34\": 1.8516433605438232e-23, \"38\": 1.5396946318296318e-29, \"41\": 1.483656383925213e-34, \"43\": 4.074915224570179e-38, \"51\": 4.246993966136646e-54, \"53\": 1.5786211917086417e-58, \"54\": 8.283843748828742e-61, \"56\": 1.689862988118453e-65, \"66\": 1.4797303442941737e-91, \"69\": 3.206325919717106e-100, \"71\": 3.2564455103556624e-106, \"74\": 1.5744438569644274e-115, \"75\": 1.0117255942940564e-118, \"79\": 6.346152248517275e-132, \"82\": 2.7834735163183985e-142, \"83\": 8.036872267497902e-146, \"87\": 2.0549084312716742e-160, \"93\": 1.322717624799616e-183, \"96\": 8.699753011277251e-196, \"97\": 6.19433402773024e-200, \"100\": 1.227103020698778e-212, \"115\": 5.132601436274125e-282, \"119\": 3.623043770470271e-302, \"126\": 0, \"131\": 0, \"132\": 0, \"134\": 0, \"136\": 0}');

SET FOREIGN_KEY_CHECKS = 1;
